Workbook

Sheet Instrucciones jornadas
A1: GESTIÓN DE JORNADAS · CÁDIZ C.F. CADETE FEMENINO 2026/2027
A5: 1 | B5: Abra la pestaña de la jornada correspondiente.
A6: 2 | B6: Seleccione TITULAR, SUPLENTE, RESERVA o NO CONVOCADA.
A7: 3 | B7: Introduzca los minutos de cada parte.
A8: 4 | B8: Registre tarjetas, lesiones e incidencias.
A9: 5 | B9: Registre cada gol solamente en el bloque de goles de esa jornada.

Sheet Seguimiento partidos
A1: SEGUIMIENTO ACUMULADO DE PARTICIPACIÓN
A5: DORSAL | B5: JUGADORA | C5: POSICIÓN | D5: CONVOC. | E5: TITULAR | F5: SUPLENTE | G5: MINUTOS | H5: GOLES | I5: ASIST. | J5: TA | K5: TR | L5: LESIONES | M5: GOLES RECIBIDOS
A6: 1 | B6: Julia | C6: PORTERA | D6: =SUM(--(J01_IDA!D10<>"NO CONVOCADA")*--(J01_IDA!D10<>""),--(J02_IDA!D10<>"NO CONVOCADA")*--(J02_IDA!D10<>""),--(J03_IDA!D10<>"NO CONVOCADA")*--(J03_IDA!D10<>""),--(J04_IDA!D10<>"NO CONVOCADA")*--(J04_IDA!D10<>""),--(J05_IDA!D10<>"NO CONVOCADA")*--(J05_IDA!D10<>""),--(J06_IDA!D10<>"NO CONVOCADA")*--(J06_IDA!D10<>""),--(J07_IDA!D10<>"NO CONVOCADA")*--(J07_IDA!D10<>""),--(J08_IDA!D10<>"NO CONVOCADA")*--(J08_IDA!D10<>""),--(J09_IDA!D10<>"NO CONVOCADA")*--(J09_IDA!D10<>""),--(J10_IDA!D10<>"NO CONVOCADA")*--(J10_IDA!D10<>""),--(J11_IDA!D10<>"NO CONVOCADA")*--(J11_IDA!D10<>""),--(J12_IDA!D10<>"NO CONVOCADA")*--(J12_IDA!D10<>""),--(J13_IDA!D10<>"NO CONVOCADA")*--(J13_IDA!D10<>""),--(J01_VTA!D10<>"NO CONVOCADA")*--(J01_VTA!D10<>""),--(J02_VTA!D10<>"NO CONVOCADA")*--(J02_VTA!D10<>""),--(J03_VTA!D10<>"NO CONVOCADA")*--(J03_VTA!D10<>""),--(J04_VTA!D10<>"NO CONVOCADA")*--(J04_VTA!D10<>""),--(J05_VTA!D10<>"NO CONVOCADA")*--(J05_VTA!D10<>""),--(J06_VTA!D10<>"NO CONVOCADA")*--(J06_VTA!D10<>""),--(J07_VTA!D10<>"NO CONVOCADA")*--(J07_VTA!D10<>""),--(J08_VTA!D10<>"NO CONVOCADA")*--(J08_VTA!D10<>""),--(J09_VTA!D10<>"NO CONVOCADA")*--(J09_VTA!D10<>""),--(J10_VTA!D10<>"NO CONVOCADA")*--(J10_VTA!D10<>""),--(J11_VTA!D10<>"NO CONVOCADA")*--(J11_VTA!D10<>""),--(J12_VTA!D10<>"NO CONVOCADA")*--(J12_VTA!D10<>""),--(J13_VTA!D10<>"NO CONVOCADA")*--(J13_VTA!D10<>"")) -> 1 | E6: =SUM(--(J01_IDA!D10="TITULAR"),--(J02_IDA!D10="TITULAR"),--(J03_IDA!D10="TITULAR"),--(J04_IDA!D10="TITULAR"),--(J05_IDA!D10="TITULAR"),--(J06_IDA!D10="TITULAR"),--(J07_IDA!D10="TITULAR"),--(J08_IDA!D10="TITULAR"),--(J09_IDA!D10="TITULAR"),--(J10_IDA!D10="TITULAR"),--(J11_IDA!D10="TITULAR"),--(J12_IDA!D10="TITULAR"),--(J13_IDA!D10="TITULAR"),--(J01_VTA!D10="TITULAR"),--(J02_VTA!D10="TITULAR"),--(J03_VTA!D10="TITULAR"),--(J04_VTA!D10="TITULAR"),--(J05_VTA!D10="TITULAR"),--(J06_VTA!D10="TITULAR"),--(J07_VTA!D10="TITULAR"),--(J08_VTA!D10="TITULAR"),--(J09_VTA!D10="TITULAR"),--(J10_VTA!D10="TITULAR"),--(J11_VTA!D10="TITULAR"),--(J12_VTA!D10="TITULAR"),--(J13_VTA!D10="TITULAR")) -> 1 | F6: =SUM(--(J01_IDA!D10="SUPLENTE"),--(J02_IDA!D10="SUPLENTE"),--(J03_IDA!D10="SUPLENTE"),--(J04_IDA!D10="SUPLENTE"),--(J05_IDA!D10="SUPLENTE"),--(J06_IDA!D10="SUPLENTE"),--(J07_IDA!D10="SUPLENTE"),--(J08_IDA!D10="SUPLENTE"),--(J09_IDA!D10="SUPLENTE"),--(J10_IDA!D10="SUPLENTE"),--(J11_IDA!D10="SUPLENTE"),--(J12_IDA!D10="SUPLENTE"),--(J13_IDA!D10="SUPLENTE"),--(J01_VTA!D10="SUPLENTE"),--(J02_VTA!D10="SUPLENTE"),--(J03_VTA!D10="SUPLENTE"),--(J04_VTA!D10="SUPLENTE"),--(J05_VTA!D10="SUPLENTE"),--(J06_VTA!D10="SUPLENTE"),--(J07_VTA!D10="SUPLENTE"),--(J08_VTA!D10="SUPLENTE"),--(J09_VTA!D10="SUPLENTE"),--(J10_VTA!D10="SUPLENTE"),--(J11_VTA!D10="SUPLENTE"),--(J12_VTA!D10="SUPLENTE"),--(J13_VTA!D10="SUPLENTE")) -> 0 | G6: =SUM(J01_IDA!G10,J02_IDA!G10,J03_IDA!G10,J04_IDA!G10,J05_IDA!G10,J06_IDA!G10,J07_IDA!G10,J08_IDA!G10,J09_IDA!G10,J10_IDA!G10,J11_IDA!G10,J12_IDA!G10,J13_IDA!G10,J01_VTA!G10,J02_VTA!G10,J03_VTA!G10,J04_VTA!G10,J05_VTA!G10,J06_VTA!G10,J07_VTA!G10,J08_VTA!G10,J09_VTA!G10,J10_VTA!G10,J11_VTA!G10,J12_VTA!G10,J13_VTA!G10) -> 45 | H6: =SUM(J01_IDA!H10,J02_IDA!H10,J03_IDA!H10,J04_IDA!H10,J05_IDA!H10,J06_IDA!H10,J07_IDA!H10,J08_IDA!H10,J09_IDA!H10,J10_IDA!H10,J11_IDA!H10,J12_IDA!H10,J13_IDA!H10,J01_VTA!H10,J02_VTA!H10,J03_VTA!H10,J04_VTA!H10,J05_VTA!H10,J06_VTA!H10,J07_VTA!H10,J08_VTA!H10,J09_VTA!H10,J10_VTA!H10,J11_VTA!H10,J12_VTA!H10,J13_VTA!H10) -> 0 | I6: =SUM(J01_IDA!J10,J02_IDA!J10,J03_IDA!J10,J04_IDA!J10,J05_IDA!J10,J06_IDA!J10,J07_IDA!J10,J08_IDA!J10,J09_IDA!J10,J10_IDA!J10,J11_IDA!J10,J12_IDA!J10,J13_IDA!J10,J01_VTA!J10,J02_VTA!J10,J03_VTA!J10,J04_VTA!J10,J05_VTA!J10,J06_VTA!J10,J07_VTA!J10,J08_VTA!J10,J09_VTA!J10,J10_VTA!J10,J11_VTA!J10,J12_VTA!J10,J13_VTA!J10) -> 0 | J6: =SUM(J01_IDA!K10,J02_IDA!K10,J03_IDA!K10,J04_IDA!K10,J05_IDA!K10,J06_IDA!K10,J07_IDA!K10,J08_IDA!K10,J09_IDA!K10,J10_IDA!K10,J11_IDA!K10,J12_IDA!K10,J13_IDA!K10,J01_VTA!K10,J02_VTA!K10,J03_VTA!K10,J04_VTA!K10,J05_VTA!K10,J06_VTA!K10,J07_VTA!K10,J08_VTA!K10,J09_VTA!K10,J10_VTA!K10,J11_VTA!K10,J12_VTA!K10,J13_VTA!K10) -> 0 | K6: =SUM(J01_IDA!L10,J02_IDA!L10,J03_IDA!L10,J04_IDA!L10,J05_IDA!L10,J06_IDA!L10,J07_IDA!L10,J08_IDA!L10,J09_IDA!L10,J10_IDA!L10,J11_IDA!L10,J12_IDA!L10,J13_IDA!L10,J01_VTA!L10,J02_VTA!L10,J03_VTA!L10,J04_VTA!L10,J05_VTA!L10,J06_VTA!L10,J07_VTA!L10,J08_VTA!L10,J09_VTA!L10,J10_VTA!L10,J11_VTA!L10,J12_VTA!L10,J13_VTA!L10) -> 0 | L6: =SUM(--(J01_IDA!M10="SÍ"),--(J02_IDA!M10="SÍ"),--(J03_IDA!M10="SÍ"),--(J04_IDA!M10="SÍ"),--(J05_IDA!M10="SÍ"),--(J06_IDA!M10="SÍ"),--(J07_IDA!M10="SÍ"),--(J08_IDA!M10="SÍ"),--(J09_IDA!M10="SÍ"),--(J10_IDA!M10="SÍ"),--(J11_IDA!M10="SÍ"),--(J12_IDA!M10="SÍ"),--(J13_IDA!M10="SÍ"),--(J01_VTA!M10="SÍ"),--(J02_VTA!M10="SÍ"),--(J03_VTA!M10="SÍ"),--(J04_VTA!M10="SÍ"),--(J05_VTA!M10="SÍ"),--(J06_VTA!M10="SÍ"),--(J07_VTA!M10="SÍ"),--(J08_VTA!M10="SÍ"),--(J09_VTA!M10="SÍ"),--(J10_VTA!M10="SÍ"),--(J11_VTA!M10="SÍ"),--(J12_VTA!M10="SÍ"),--(J13_VTA!M10="SÍ")) -> 0 | M6: =SUM(J01_IDA!I10,J02_IDA!I10,J03_IDA!I10,J04_IDA!I10,J05_IDA!I10,J06_IDA!I10,J07_IDA!I10,J08_IDA!I10,J09_IDA!I10,J10_IDA!I10,J11_IDA!I10,J12_IDA!I10,J13_IDA!I10,J01_VTA!I10,J02_VTA!I10,J03_VTA!I10,J04_VTA!I10,J05_VTA!I10,J06_VTA!I10,J07_VTA!I10,J08_VTA!I10,J09_VTA!I10,J10_VTA!I10,J11_VTA!I10,J12_VTA!I10,J13_VTA!I10) -> 0
A7: 2 | B7: Alba | C7: L.D. | D7: =SUM(--(J01_IDA!D11<>"NO CONVOCADA")*--(J01_IDA!D11<>""),--(J02_IDA!D11<>"NO CONVOCADA")*--(J02_IDA!D11<>""),--(J03_IDA!D11<>"NO CONVOCADA")*--(J03_IDA!D11<>""),--(J04_IDA!D11<>"NO CONVOCADA")*--(J04_IDA!D11<>""),--(J05_IDA!D11<>"NO CONVOCADA")*--(J05_IDA!D11<>""),--(J06_IDA!D11<>"NO CONVOCADA")*--(J06_IDA!D11<>""),--(J07_IDA!D11<>"NO CONVOCADA")*--(J07_IDA!D11<>""),--(J08_IDA!D11<>"NO CONVOCADA")*--(J08_IDA!D11<>""),--(J09_IDA!D11<>"NO CONVOCADA")*--(J09_IDA!D11<>""),--(J10_IDA!D11<>"NO CONVOCADA")*--(J10_IDA!D11<>""),--(J11_IDA!D11<>"NO CONVOCADA")*--(J11_IDA!D11<>""),--(J12_IDA!D11<>"NO CONVOCADA")*--(J12_IDA!D11<>""),--(J13_IDA!D11<>"NO CONVOCADA")*--(J13_IDA!D11<>""),--(J01_VTA!D11<>"NO CONVOCADA")*--(J01_VTA!D11<>""),--(J02_VTA!D11<>"NO CONVOCADA")*--(J02_VTA!D11<>""),--(J03_VTA!D11<>"NO CONVOCADA")*--(J03_VTA!D11<>""),--(J04_VTA!D11<>"NO CONVOCADA")*--(J04_VTA!D11<>""),--(J05_VTA!D11<>"NO CONVOCADA")*--(J05_VTA!D11<>""),--(J06_VTA!D11<>"NO CONVOCADA")*--(J06_VTA!D11<>""),--(J07_VTA!D11<>"NO CONVOCADA")*--(J07_VTA!D11<>""),--(J08_VTA!D11<>"NO CONVOCADA")*--(J08_VTA!D11<>""),--(J09_VTA!D11<>"NO CONVOCADA")*--(J09_VTA!D11<>""),--(J10_VTA!D11<>"NO CONVOCADA")*--(J10_VTA!D11<>""),--(J11_VTA!D11<>"NO CONVOCADA")*--(J11_VTA!D11<>""),--(J12_VTA!D11<>"NO CONVOCADA")*--(J12_VTA!D11<>""),--(J13_VTA!D11<>"NO CONVOCADA")*--(J13_VTA!D11<>"")) -> 1 | E7: =SUM(--(J01_IDA!D11="TITULAR"),--(J02_IDA!D11="TITULAR"),--(J03_IDA!D11="TITULAR"),--(J04_IDA!D11="TITULAR"),--(J05_IDA!D11="TITULAR"),--(J06_IDA!D11="TITULAR"),--(J07_IDA!D11="TITULAR"),--(J08_IDA!D11="TITULAR"),--(J09_IDA!D11="TITULAR"),--(J10_IDA!D11="TITULAR"),--(J11_IDA!D11="TITULAR"),--(J12_IDA!D11="TITULAR"),--(J13_IDA!D11="TITULAR"),--(J01_VTA!D11="TITULAR"),--(J02_VTA!D11="TITULAR"),--(J03_VTA!D11="TITULAR"),--(J04_VTA!D11="TITULAR"),--(J05_VTA!D11="TITULAR"),--(J06_VTA!D11="TITULAR"),--(J07_VTA!D11="TITULAR"),--(J08_VTA!D11="TITULAR"),--(J09_VTA!D11="TITULAR"),--(J10_VTA!D11="TITULAR"),--(J11_VTA!D11="TITULAR"),--(J12_VTA!D11="TITULAR"),--(J13_VTA!D11="TITULAR")) -> 1 | F7: =SUM(--(J01_IDA!D11="SUPLENTE"),--(J02_IDA!D11="SUPLENTE"),--(J03_IDA!D11="SUPLENTE"),--(J04_IDA!D11="SUPLENTE"),--(J05_IDA!D11="SUPLENTE"),--(J06_IDA!D11="SUPLENTE"),--(J07_IDA!D11="SUPLENTE"),--(J08_IDA!D11="SUPLENTE"),--(J09_IDA!D11="SUPLENTE"),--(J10_IDA!D11="SUPLENTE"),--(J11_IDA!D11="SUPLENTE"),--(J12_IDA!D11="SUPLENTE"),--(J13_IDA!D11="SUPLENTE"),--(J01_VTA!D11="SUPLENTE"),--(J02_VTA!D11="SUPLENTE"),--(J03_VTA!D11="SUPLENTE"),--(J04_VTA!D11="SUPLENTE"),--(J05_VTA!D11="SUPLENTE"),--(J06_VTA!D11="SUPLENTE"),--(J07_VTA!D11="SUPLENTE"),--(J08_VTA!D11="SUPLENTE"),--(J09_VTA!D11="SUPLENTE"),--(J10_VTA!D11="SUPLENTE"),--(J11_VTA!D11="SUPLENTE"),--(J12_VTA!D11="SUPLENTE"),--(J13_VTA!D11="SUPLENTE")) -> 0 | G7: =SUM(J01_IDA!G11,J02_IDA!G11,J03_IDA!G11,J04_IDA!G11,J05_IDA!G11,J06_IDA!G11,J07_IDA!G11,J08_IDA!G11,J09_IDA!G11,J10_IDA!G11,J11_IDA!G11,J12_IDA!G11,J13_IDA!G11,J01_VTA!G11,J02_VTA!G11,J03_VTA!G11,J04_VTA!G11,J05_VTA!G11,J06_VTA!G11,J07_VTA!G11,J08_VTA!G11,J09_VTA!G11,J10_VTA!G11,J11_VTA!G11,J12_VTA!G11,J13_VTA!G11) -> 63 | H7: =SUM(J01_IDA!H11,J02_IDA!H11,J03_IDA!H11,J04_IDA!H11,J05_IDA!H11,J06_IDA!H11,J07_IDA!H11,J08_IDA!H11,J09_IDA!H11,J10_IDA!H11,J11_IDA!H11,J12_IDA!H11,J13_IDA!H11,J01_VTA!H11,J02_VTA!H11,J03_VTA!H11,J04_VTA!H11,J05_VTA!H11,J06_VTA!H11,J07_VTA!H11,J08_VTA!H11,J09_VTA!H11,J10_VTA!H11,J11_VTA!H11,J12_VTA!H11,J13_VTA!H11) -> 0 | I7: =SUM(J01_IDA!J11,J02_IDA!J11,J03_IDA!J11,J04_IDA!J11,J05_IDA!J11,J06_IDA!J11,J07_IDA!J11,J08_IDA!J11,J09_IDA!J11,J10_IDA!J11,J11_IDA!J11,J12_IDA!J11,J13_IDA!J11,J01_VTA!J11,J02_VTA!J11,J03_VTA!J11,J04_VTA!J11,J05_VTA!J11,J06_VTA!J11,J07_VTA!J11,J08_VTA!J11,J09_VTA!J11,J10_VTA!J11,J11_VTA!J11,J12_VTA!J11,J13_VTA!J11) -> 0 | J7: =SUM(J01_IDA!K11,J02_IDA!K11,J03_IDA!K11,J04_IDA!K11,J05_IDA!K11,J06_IDA!K11,J07_IDA!K11,J08_IDA!K11,J09_IDA!K11,J10_IDA!K11,J11_IDA!K11,J12_IDA!K11,J13_IDA!K11,J01_VTA!K11,J02_VTA!K11,J03_VTA!K11,J04_VTA!K11,J05_VTA!K11,J06_VTA!K11,J07_VTA!K11,J08_VTA!K11,J09_VTA!K11,J10_VTA!K11,J11_VTA!K11,J12_VTA!K11,J13_VTA!K11) -> 0 | K7: =SUM(J01_IDA!L11,J02_IDA!L11,J03_IDA!L11,J04_IDA!L11,J05_IDA!L11,J06_IDA!L11,J07_IDA!L11,J08_IDA!L11,J09_IDA!L11,J10_IDA!L11,J11_IDA!L11,J12_IDA!L11,J13_IDA!L11,J01_VTA!L11,J02_VTA!L11,J03_VTA!L11,J04_VTA!L11,J05_VTA!L11,J06_VTA!L11,J07_VTA!L11,J08_VTA!L11,J09_VTA!L11,J10_VTA!L11,J11_VTA!L11,J12_VTA!L11,J13_VTA!L11) -> 0 | L7: =SUM(--(J01_IDA!M11="SÍ"),--(J02_IDA!M11="SÍ"),--(J03_IDA!M11="SÍ"),--(J04_IDA!M11="SÍ"),--(J05_IDA!M11="SÍ"),--(J06_IDA!M11="SÍ"),--(J07_IDA!M11="SÍ"),--(J08_IDA!M11="SÍ"),--(J09_IDA!M11="SÍ"),--(J10_IDA!M11="SÍ"),--(J11_IDA!M11="SÍ"),--(J12_IDA!M11="SÍ"),--(J13_IDA!M11="SÍ"),--(J01_VTA!M11="SÍ"),--(J02_VTA!M11="SÍ"),--(J03_VTA!M11="SÍ"),--(J04_VTA!M11="SÍ"),--(J05_VTA!M11="SÍ"),--(J06_VTA!M11="SÍ"),--(J07_VTA!M11="SÍ"),--(J08_VTA!M11="SÍ"),--(J09_VTA!M11="SÍ"),--(J10_VTA!M11="SÍ"),--(J11_VTA!M11="SÍ"),--(J12_VTA!M11="SÍ"),--(J13_VTA!M11="SÍ")) -> 0 | M7: =SUM(J01_IDA!I11,J02_IDA!I11,J03_IDA!I11,J04_IDA!I11,J05_IDA!I11,J06_IDA!I11,J07_IDA!I11,J08_IDA!I11,J09_IDA!I11,J10_IDA!I11,J11_IDA!I11,J12_IDA!I11,J13_IDA!I11,J01_VTA!I11,J02_VTA!I11,J03_VTA!I11,J04_VTA!I11,J05_VTA!I11,J06_VTA!I11,J07_VTA!I11,J08_VTA!I11,J09_VTA!I11,J10_VTA!I11,J11_VTA!I11,J12_VTA!I11,J13_VTA!I11) -> 0
A8: 3 | B8: Margarita | C8: L.I. | D8: =SUM(--(J01_IDA!D12<>"NO CONVOCADA")*--(J01_IDA!D12<>""),--(J02_IDA!D12<>"NO CONVOCADA")*--(J02_IDA!D12<>""),--(J03_IDA!D12<>"NO CONVOCADA")*--(J03_IDA!D12<>""),--(J04_IDA!D12<>"NO CONVOCADA")*--(J04_IDA!D12<>""),--(J05_IDA!D12<>"NO CONVOCADA")*--(J05_IDA!D12<>""),--(J06_IDA!D12<>"NO CONVOCADA")*--(J06_IDA!D12<>""),--(J07_IDA!D12<>"NO CONVOCADA")*--(J07_IDA!D12<>""),--(J08_IDA!D12<>"NO CONVOCADA")*--(J08_IDA!D12<>""),--(J09_IDA!D12<>"NO CONVOCADA")*--(J09_IDA!D12<>""),--(J10_IDA!D12<>"NO CONVOCADA")*--(J10_IDA!D12<>""),--(J11_IDA!D12<>"NO CONVOCADA")*--(J11_IDA!D12<>""),--(J12_IDA!D12<>"NO CONVOCADA")*--(J12_IDA!D12<>""),--(J13_IDA!D12<>"NO CONVOCADA")*--(J13_IDA!D12<>""),--(J01_VTA!D12<>"NO CONVOCADA")*--(J01_VTA!D12<>""),--(J02_VTA!D12<>"NO CONVOCADA")*--(J02_VTA!D12<>""),--(J03_VTA!D12<>"NO CONVOCADA")*--(J03_VTA!D12<>""),--(J04_VTA!D12<>"NO CONVOCADA")*--(J04_VTA!D12<>""),--(J05_VTA!D12<>"NO CONVOCADA")*--(J05_VTA!D12<>""),--(J06_VTA!D12<>"NO CONVOCADA")*--(J06_VTA!D12<>""),--(J07_VTA!D12<>"NO CONVOCADA")*--(J07_VTA!D12<>""),--(J08_VTA!D12<>"NO CONVOCADA")*--(J08_VTA!D12<>""),--(J09_VTA!D12<>"NO CONVOCADA")*--(J09_VTA!D12<>""),--(J10_VTA!D12<>"NO CONVOCADA")*--(J10_VTA!D12<>""),--(J11_VTA!D12<>"NO CONVOCADA")*--(J11_VTA!D12<>""),--(J12_VTA!D12<>"NO CONVOCADA")*--(J12_VTA!D12<>""),--(J13_VTA!D12<>"NO CONVOCADA")*--(J13_VTA!D12<>"")) -> 1 | E8: =SUM(--(J01_IDA!D12="TITULAR"),--(J02_IDA!D12="TITULAR"),--(J03_IDA!D12="TITULAR"),--(J04_IDA!D12="TITULAR"),--(J05_IDA!D12="TITULAR"),--(J06_IDA!D12="TITULAR"),--(J07_IDA!D12="TITULAR"),--(J08_IDA!D12="TITULAR"),--(J09_IDA!D12="TITULAR"),--(J10_IDA!D12="TITULAR"),--(J11_IDA!D12="TITULAR"),--(J12_IDA!D12="TITULAR"),--(J13_IDA!D12="TITULAR"),--(J01_VTA!D12="TITULAR"),--(J02_VTA!D12="TITULAR"),--(J03_VTA!D12="TITULAR"),--(J04_VTA!D12="TITULAR"),--(J05_VTA!D12="TITULAR"),--(J06_VTA!D12="TITULAR"),--(J07_VTA!D12="TITULAR"),--(J08_VTA!D12="TITULAR"),--(J09_VTA!D12="TITULAR"),--(J10_VTA!D12="TITULAR"),--(J11_VTA!D12="TITULAR"),--(J12_VTA!D12="TITULAR"),--(J13_VTA!D12="TITULAR")) -> 1 | F8: =SUM(--(J01_IDA!D12="SUPLENTE"),--(J02_IDA!D12="SUPLENTE"),--(J03_IDA!D12="SUPLENTE"),--(J04_IDA!D12="SUPLENTE"),--(J05_IDA!D12="SUPLENTE"),--(J06_IDA!D12="SUPLENTE"),--(J07_IDA!D12="SUPLENTE"),--(J08_IDA!D12="SUPLENTE"),--(J09_IDA!D12="SUPLENTE"),--(J10_IDA!D12="SUPLENTE"),--(J11_IDA!D12="SUPLENTE"),--(J12_IDA!D12="SUPLENTE"),--(J13_IDA!D12="SUPLENTE"),--(J01_VTA!D12="SUPLENTE"),--(J02_VTA!D12="SUPLENTE"),--(J03_VTA!D12="SUPLENTE"),--(J04_VTA!D12="SUPLENTE"),--(J05_VTA!D12="SUPLENTE"),--(J06_VTA!D12="SUPLENTE"),--(J07_VTA!D12="SUPLENTE"),--(J08_VTA!D12="SUPLENTE"),--(J09_VTA!D12="SUPLENTE"),--(J10_VTA!D12="SUPLENTE"),--(J11_VTA!D12="SUPLENTE"),--(J12_VTA!D12="SUPLENTE"),--(J13_VTA!D12="SUPLENTE")) -> 0 | G8: =SUM(J01_IDA!G12,J02_IDA!G12,J03_IDA!G12,J04_IDA!G12,J05_IDA!G12,J06_IDA!G12,J07_IDA!G12,J08_IDA!G12,J09_IDA!G12,J10_IDA!G12,J11_IDA!G12,J12_IDA!G12,J13_IDA!G12,J01_VTA!G12,J02_VTA!G12,J03_VTA!G12,J04_VTA!G12,J05_VTA!G12,J06_VTA!G12,J07_VTA!G12,J08_VTA!G12,J09_VTA!G12,J10_VTA!G12,J11_VTA!G12,J12_VTA!G12,J13_VTA!G12) -> 61 | H8: =SUM(J01_IDA!H12,J02_IDA!H12,J03_IDA!H12,J04_IDA!H12,J05_IDA!H12,J06_IDA!H12,J07_IDA!H12,J08_IDA!H12,J09_IDA!H12,J10_IDA!H12,J11_IDA!H12,J12_IDA!H12,J13_IDA!H12,J01_VTA!H12,J02_VTA!H12,J03_VTA!H12,J04_VTA!H12,J05_VTA!H12,J06_VTA!H12,J07_VTA!H12,J08_VTA!H12,J09_VTA!H12,J10_VTA!H12,J11_VTA!H12,J12_VTA!H12,J13_VTA!H12) -> 0 | I8: =SUM(J01_IDA!J12,J02_IDA!J12,J03_IDA!J12,J04_IDA!J12,J05_IDA!J12,J06_IDA!J12,J07_IDA!J12,J08_IDA!J12,J09_IDA!J12,J10_IDA!J12,J11_IDA!J12,J12_IDA!J12,J13_IDA!J12,J01_VTA!J12,J02_VTA!J12,J03_VTA!J12,J04_VTA!J12,J05_VTA!J12,J06_VTA!J12,J07_VTA!J12,J08_VTA!J12,J09_VTA!J12,J10_VTA!J12,J11_VTA!J12,J12_VTA!J12,J13_VTA!J12) -> 0 | J8: =SUM(J01_IDA!K12,J02_IDA!K12,J03_IDA!K12,J04_IDA!K12,J05_IDA!K12,J06_IDA!K12,J07_IDA!K12,J08_IDA!K12,J09_IDA!K12,J10_IDA!K12,J11_IDA!K12,J12_IDA!K12,J13_IDA!K12,J01_VTA!K12,J02_VTA!K12,J03_VTA!K12,J04_VTA!K12,J05_VTA!K12,J06_VTA!K12,J07_VTA!K12,J08_VTA!K12,J09_VTA!K12,J10_VTA!K12,J11_VTA!K12,J12_VTA!K12,J13_VTA!K12) -> 0 | K8: =SUM(J01_IDA!L12,J02_IDA!L12,J03_IDA!L12,J04_IDA!L12,J05_IDA!L12,J06_IDA!L12,J07_IDA!L12,J08_IDA!L12,J09_IDA!L12,J10_IDA!L12,J11_IDA!L12,J12_IDA!L12,J13_IDA!L12,J01_VTA!L12,J02_VTA!L12,J03_VTA!L12,J04_VTA!L12,J05_VTA!L12,J06_VTA!L12,J07_VTA!L12,J08_VTA!L12,J09_VTA!L12,J10_VTA!L12,J11_VTA!L12,J12_VTA!L12,J13_VTA!L12) -> 0 | L8: =SUM(--(J01_IDA!M12="SÍ"),--(J02_IDA!M12="SÍ"),--(J03_IDA!M12="SÍ"),--(J04_IDA!M12="SÍ"),--(J05_IDA!M12="SÍ"),--(J06_IDA!M12="SÍ"),--(J07_IDA!M12="SÍ"),--(J08_IDA!M12="SÍ"),--(J09_IDA!M12="SÍ"),--(J10_IDA!M12="SÍ"),--(J11_IDA!M12="SÍ"),--(J12_IDA!M12="SÍ"),--(J13_IDA!M12="SÍ"),--(J01_VTA!M12="SÍ"),--(J02_VTA!M12="SÍ"),--(J03_VTA!M12="SÍ"),--(J04_VTA!M12="SÍ"),--(J05_VTA!M12="SÍ"),--(J06_VTA!M12="SÍ"),--(J07_VTA!M12="SÍ"),--(J08_VTA!M12="SÍ"),--(J09_VTA!M12="SÍ"),--(J10_VTA!M12="SÍ"),--(J11_VTA!M12="SÍ"),--(J12_VTA!M12="SÍ"),--(J13_VTA!M12="SÍ")) -> 0 | M8: =SUM(J01_IDA!I12,J02_IDA!I12,J03_IDA!I12,J04_IDA!I12,J05_IDA!I12,J06_IDA!I12,J07_IDA!I12,J08_IDA!I12,J09_IDA!I12,J10_IDA!I12,J11_IDA!I12,J12_IDA!I12,J13_IDA!I12,J01_VTA!I12,J02_VTA!I12,J03_VTA!I12,J04_VTA!I12,J05_VTA!I12,J06_VTA!I12,J07_VTA!I12,J08_VTA!I12,J09_VTA!I12,J10_VTA!I12,J11_VTA!I12,J12_VTA!I12,J13_VTA!I12) -> 0
A9: 4 | B9: Valentina | C9: CENTRAL / M.C. | D9: =SUM(--(J01_IDA!D13<>"NO CONVOCADA")*--(J01_IDA!D13<>""),--(J02_IDA!D13<>"NO CONVOCADA")*--(J02_IDA!D13<>""),--(J03_IDA!D13<>"NO CONVOCADA")*--(J03_IDA!D13<>""),--(J04_IDA!D13<>"NO CONVOCADA")*--(J04_IDA!D13<>""),--(J05_IDA!D13<>"NO CONVOCADA")*--(J05_IDA!D13<>""),--(J06_IDA!D13<>"NO CONVOCADA")*--(J06_IDA!D13<>""),--(J07_IDA!D13<>"NO CONVOCADA")*--(J07_IDA!D13<>""),--(J08_IDA!D13<>"NO CONVOCADA")*--(J08_IDA!D13<>""),--(J09_IDA!D13<>"NO CONVOCADA")*--(J09_IDA!D13<>""),--(J10_IDA!D13<>"NO CONVOCADA")*--(J10_IDA!D13<>""),--(J11_IDA!D13<>"NO CONVOCADA")*--(J11_IDA!D13<>""),--(J12_IDA!D13<>"NO CONVOCADA")*--(J12_IDA!D13<>""),--(J13_IDA!D13<>"NO CONVOCADA")*--(J13_IDA!D13<>""),--(J01_VTA!D13<>"NO CONVOCADA")*--(J01_VTA!D13<>""),--(J02_VTA!D13<>"NO CONVOCADA")*--(J02_VTA!D13<>""),--(J03_VTA!D13<>"NO CONVOCADA")*--(J03_VTA!D13<>""),--(J04_VTA!D13<>"NO CONVOCADA")*--(J04_VTA!D13<>""),--(J05_VTA!D13<>"NO CONVOCADA")*--(J05_VTA!D13<>""),--(J06_VTA!D13<>"NO CONVOCADA")*--(J06_VTA!D13<>""),--(J07_VTA!D13<>"NO CONVOCADA")*--(J07_VTA!D13<>""),--(J08_VTA!D13<>"NO CONVOCADA")*--(J08_VTA!D13<>""),--(J09_VTA!D13<>"NO CONVOCADA")*--(J09_VTA!D13<>""),--(J10_VTA!D13<>"NO CONVOCADA")*--(J10_VTA!D13<>""),--(J11_VTA!D13<>"NO CONVOCADA")*--(J11_VTA!D13<>""),--(J12_VTA!D13<>"NO CONVOCADA")*--(J12_VTA!D13<>""),--(J13_VTA!D13<>"NO CONVOCADA")*--(J13_VTA!D13<>"")) -> 1 | E9: =SUM(--(J01_IDA!D13="TITULAR"),--(J02_IDA!D13="TITULAR"),--(J03_IDA!D13="TITULAR"),--(J04_IDA!D13="TITULAR"),--(J05_IDA!D13="TITULAR"),--(J06_IDA!D13="TITULAR"),--(J07_IDA!D13="TITULAR"),--(J08_IDA!D13="TITULAR"),--(J09_IDA!D13="TITULAR"),--(J10_IDA!D13="TITULAR"),--(J11_IDA!D13="TITULAR"),--(J12_IDA!D13="TITULAR"),--(J13_IDA!D13="TITULAR"),--(J01_VTA!D13="TITULAR"),--(J02_VTA!D13="TITULAR"),--(J03_VTA!D13="TITULAR"),--(J04_VTA!D13="TITULAR"),--(J05_VTA!D13="TITULAR"),--(J06_VTA!D13="TITULAR"),--(J07_VTA!D13="TITULAR"),--(J08_VTA!D13="TITULAR"),--(J09_VTA!D13="TITULAR"),--(J10_VTA!D13="TITULAR"),--(J11_VTA!D13="TITULAR"),--(J12_VTA!D13="TITULAR"),--(J13_VTA!D13="TITULAR")) -> 1 | F9: =SUM(--(J01_IDA!D13="SUPLENTE"),--(J02_IDA!D13="SUPLENTE"),--(J03_IDA!D13="SUPLENTE"),--(J04_IDA!D13="SUPLENTE"),--(J05_IDA!D13="SUPLENTE"),--(J06_IDA!D13="SUPLENTE"),--(J07_IDA!D13="SUPLENTE"),--(J08_IDA!D13="SUPLENTE"),--(J09_IDA!D13="SUPLENTE"),--(J10_IDA!D13="SUPLENTE"),--(J11_IDA!D13="SUPLENTE"),--(J12_IDA!D13="SUPLENTE"),--(J13_IDA!D13="SUPLENTE"),--(J01_VTA!D13="SUPLENTE"),--(J02_VTA!D13="SUPLENTE"),--(J03_VTA!D13="SUPLENTE"),--(J04_VTA!D13="SUPLENTE"),--(J05_VTA!D13="SUPLENTE"),--(J06_VTA!D13="SUPLENTE"),--(J07_VTA!D13="SUPLENTE"),--(J08_VTA!D13="SUPLENTE"),--(J09_VTA!D13="SUPLENTE"),--(J10_VTA!D13="SUPLENTE"),--(J11_VTA!D13="SUPLENTE"),--(J12_VTA!D13="SUPLENTE"),--(J13_VTA!D13="SUPLENTE")) -> 0 | G9: =SUM(J01_IDA!G13,J02_IDA!G13,J03_IDA!G13,J04_IDA!G13,J05_IDA!G13,J06_IDA!G13,J07_IDA!G13,J08_IDA!G13,J09_IDA!G13,J10_IDA!G13,J11_IDA!G13,J12_IDA!G13,J13_IDA!G13,J01_VTA!G13,J02_VTA!G13,J03_VTA!G13,J04_VTA!G13,J05_VTA!G13,J06_VTA!G13,J07_VTA!G13,J08_VTA!G13,J09_VTA!G13,J10_VTA!G13,J11_VTA!G13,J12_VTA!G13,J13_VTA!G13) -> 90 | H9: =SUM(J01_IDA!H13,J02_IDA!H13,J03_IDA!H13,J04_IDA!H13,J05_IDA!H13,J06_IDA!H13,J07_IDA!H13,J08_IDA!H13,J09_IDA!H13,J10_IDA!H13,J11_IDA!H13,J12_IDA!H13,J13_IDA!H13,J01_VTA!H13,J02_VTA!H13,J03_VTA!H13,J04_VTA!H13,J05_VTA!H13,J06_VTA!H13,J07_VTA!H13,J08_VTA!H13,J09_VTA!H13,J10_VTA!H13,J11_VTA!H13,J12_VTA!H13,J13_VTA!H13) -> 0 | I9: =SUM(J01_IDA!J13,J02_IDA!J13,J03_IDA!J13,J04_IDA!J13,J05_IDA!J13,J06_IDA!J13,J07_IDA!J13,J08_IDA!J13,J09_IDA!J13,J10_IDA!J13,J11_IDA!J13,J12_IDA!J13,J13_IDA!J13,J01_VTA!J13,J02_VTA!J13,J03_VTA!J13,J04_VTA!J13,J05_VTA!J13,J06_VTA!J13,J07_VTA!J13,J08_VTA!J13,J09_VTA!J13,J10_VTA!J13,J11_VTA!J13,J12_VTA!J13,J13_VTA!J13) -> 0 | J9: =SUM(J01_IDA!K13,J02_IDA!K13,J03_IDA!K13,J04_IDA!K13,J05_IDA!K13,J06_IDA!K13,J07_IDA!K13,J08_IDA!K13,J09_IDA!K13,J10_IDA!K13,J11_IDA!K13,J12_IDA!K13,J13_IDA!K13,J01_VTA!K13,J02_VTA!K13,J03_VTA!K13,J04_VTA!K13,J05_VTA!K13,J06_VTA!K13,J07_VTA!K13,J08_VTA!K13,J09_VTA!K13,J10_VTA!K13,J11_VTA!K13,J12_VTA!K13,J13_VTA!K13) -> 0 | K9: =SUM(J01_IDA!L13,J02_IDA!L13,J03_IDA!L13,J04_IDA!L13,J05_IDA!L13,J06_IDA!L13,J07_IDA!L13,J08_IDA!L13,J09_IDA!L13,J10_IDA!L13,J11_IDA!L13,J12_IDA!L13,J13_IDA!L13,J01_VTA!L13,J02_VTA!L13,J03_VTA!L13,J04_VTA!L13,J05_VTA!L13,J06_VTA!L13,J07_VTA!L13,J08_VTA!L13,J09_VTA!L13,J10_VTA!L13,J11_VTA!L13,J12_VTA!L13,J13_VTA!L13) -> 0 | L9: =SUM(--(J01_IDA!M13="SÍ"),--(J02_IDA!M13="SÍ"),--(J03_IDA!M13="SÍ"),--(J04_IDA!M13="SÍ"),--(J05_IDA!M13="SÍ"),--(J06_IDA!M13="SÍ"),--(J07_IDA!M13="SÍ"),--(J08_IDA!M13="SÍ"),--(J09_IDA!M13="SÍ"),--(J10_IDA!M13="SÍ"),--(J11_IDA!M13="SÍ"),--(J12_IDA!M13="SÍ"),--(J13_IDA!M13="SÍ"),--(J01_VTA!M13="SÍ"),--(J02_VTA!M13="SÍ"),--(J03_VTA!M13="SÍ"),--(J04_VTA!M13="SÍ"),--(J05_VTA!M13="SÍ"),--(J06_VTA!M13="SÍ"),--(J07_VTA!M13="SÍ"),--(J08_VTA!M13="SÍ"),--(J09_VTA!M13="SÍ"),--(J10_VTA!M13="SÍ"),--(J11_VTA!M13="SÍ"),--(J12_VTA!M13="SÍ"),--(J13_VTA!M13="SÍ")) -> 0 | M9: =SUM(J01_IDA!I13,J02_IDA!I13,J03_IDA!I13,J04_IDA!I13,J05_IDA!I13,J06_IDA!I13,J07_IDA!I13,J08_IDA!I13,J09_IDA!I13,J10_IDA!I13,J11_IDA!I13,J12_IDA!I13,J13_IDA!I13,J01_VTA!I13,J02_VTA!I13,J03_VTA!I13,J04_VTA!I13,J05_VTA!I13,J06_VTA!I13,J07_VTA!I13,J08_VTA!I13,J09_VTA!I13,J10_VTA!I13,J11_VTA!I13,J12_VTA!I13,J13_VTA!I13) -> 0
A10: 5 | B10: Ainhoa | C10: CENTRAL | D10: =SUM(--(J01_IDA!D14<>"NO CONVOCADA")*--(J01_IDA!D14<>""),--(J02_IDA!D14<>"NO CONVOCADA")*--(J02_IDA!D14<>""),--(J03_IDA!D14<>"NO CONVOCADA")*--(J03_IDA!D14<>""),--(J04_IDA!D14<>"NO CONVOCADA")*--(J04_IDA!D14<>""),--(J05_IDA!D14<>"NO CONVOCADA")*--(J05_IDA!D14<>""),--(J06_IDA!D14<>"NO CONVOCADA")*--(J06_IDA!D14<>""),--(J07_IDA!D14<>"NO CONVOCADA")*--(J07_IDA!D14<>""),--(J08_IDA!D14<>"NO CONVOCADA")*--(J08_IDA!D14<>""),--(J09_IDA!D14<>"NO CONVOCADA")*--(J09_IDA!D14<>""),--(J10_IDA!D14<>"NO CONVOCADA")*--(J10_IDA!D14<>""),--(J11_IDA!D14<>"NO CONVOCADA")*--(J11_IDA!D14<>""),--(J12_IDA!D14<>"NO CONVOCADA")*--(J12_IDA!D14<>""),--(J13_IDA!D14<>"NO CONVOCADA")*--(J13_IDA!D14<>""),--(J01_VTA!D14<>"NO CONVOCADA")*--(J01_VTA!D14<>""),--(J02_VTA!D14<>"NO CONVOCADA")*--(J02_VTA!D14<>""),--(J03_VTA!D14<>"NO CONVOCADA")*--(J03_VTA!D14<>""),--(J04_VTA!D14<>"NO CONVOCADA")*--(J04_VTA!D14<>""),--(J05_VTA!D14<>"NO CONVOCADA")*--(J05_VTA!D14<>""),--(J06_VTA!D14<>"NO CONVOCADA")*--(J06_VTA!D14<>""),--(J07_VTA!D14<>"NO CONVOCADA")*--(J07_VTA!D14<>""),--(J08_VTA!D14<>"NO CONVOCADA")*--(J08_VTA!D14<>""),--(J09_VTA!D14<>"NO CONVOCADA")*--(J09_VTA!D14<>""),--(J10_VTA!D14<>"NO CONVOCADA")*--(J10_VTA!D14<>""),--(J11_VTA!D14<>"NO CONVOCADA")*--(J11_VTA!D14<>""),--(J12_VTA!D14<>"NO CONVOCADA")*--(J12_VTA!D14<>""),--(J13_VTA!D14<>"NO CONVOCADA")*--(J13_VTA!D14<>"")) -> 1 | E10: =SUM(--(J01_IDA!D14="TITULAR"),--(J02_IDA!D14="TITULAR"),--(J03_IDA!D14="TITULAR"),--(J04_IDA!D14="TITULAR"),--(J05_IDA!D14="TITULAR"),--(J06_IDA!D14="TITULAR"),--(J07_IDA!D14="TITULAR"),--(J08_IDA!D14="TITULAR"),--(J09_IDA!D14="TITULAR"),--(J10_IDA!D14="TITULAR"),--(J11_IDA!D14="TITULAR"),--(J12_IDA!D14="TITULAR"),--(J13_IDA!D14="TITULAR"),--(J01_VTA!D14="TITULAR"),--(J02_VTA!D14="TITULAR"),--(J03_VTA!D14="TITULAR"),--(J04_VTA!D14="TITULAR"),--(J05_VTA!D14="TITULAR"),--(J06_VTA!D14="TITULAR"),--(J07_VTA!D14="TITULAR"),--(J08_VTA!D14="TITULAR"),--(J09_VTA!D14="TITULAR"),--(J10_VTA!D14="TITULAR"),--(J11_VTA!D14="TITULAR"),--(J12_VTA!D14="TITULAR"),--(J13_VTA!D14="TITULAR")) -> 1 | F10: =SUM(--(J01_IDA!D14="SUPLENTE"),--(J02_IDA!D14="SUPLENTE"),--(J03_IDA!D14="SUPLENTE"),--(J04_IDA!D14="SUPLENTE"),--(J05_IDA!D14="SUPLENTE"),--(J06_IDA!D14="SUPLENTE"),--(J07_IDA!D14="SUPLENTE"),--(J08_IDA!D14="SUPLENTE"),--(J09_IDA!D14="SUPLENTE"),--(J10_IDA!D14="SUPLENTE"),--(J11_IDA!D14="SUPLENTE"),--(J12_IDA!D14="SUPLENTE"),--(J13_IDA!D14="SUPLENTE"),--(J01_VTA!D14="SUPLENTE"),--(J02_VTA!D14="SUPLENTE"),--(J03_VTA!D14="SUPLENTE"),--(J04_VTA!D14="SUPLENTE"),--(J05_VTA!D14="SUPLENTE"),--(J06_VTA!D14="SUPLENTE"),--(J07_VTA!D14="SUPLENTE"),--(J08_VTA!D14="SUPLENTE"),--(J09_VTA!D14="SUPLENTE"),--(J10_VTA!D14="SUPLENTE"),--(J11_VTA!D14="SUPLENTE"),--(J12_VTA!D14="SUPLENTE"),--(J13_VTA!D14="SUPLENTE")) -> 0 | G10: =SUM(J01_IDA!G14,J02_IDA!G14,J03_IDA!G14,J04_IDA!G14,J05_IDA!G14,J06_IDA!G14,J07_IDA!G14,J08_IDA!G14,J09_IDA!G14,J10_IDA!G14,J11_IDA!G14,J12_IDA!G14,J13_IDA!G14,J01_VTA!G14,J02_VTA!G14,J03_VTA!G14,J04_VTA!G14,J05_VTA!G14,J06_VTA!G14,J07_VTA!G14,J08_VTA!G14,J09_VTA!G14,J10_VTA!G14,J11_VTA!G14,J12_VTA!G14,J13_VTA!G14) -> 63 | H10: =SUM(J01_IDA!H14,J02_IDA!H14,J03_IDA!H14,J04_IDA!H14,J05_IDA!H14,J06_IDA!H14,J07_IDA!H14,J08_IDA!H14,J09_IDA!H14,J10_IDA!H14,J11_IDA!H14,J12_IDA!H14,J13_IDA!H14,J01_VTA!H14,J02_VTA!H14,J03_VTA!H14,J04_VTA!H14,J05_VTA!H14,J06_VTA!H14,J07_VTA!H14,J08_VTA!H14,J09_VTA!H14,J10_VTA!H14,J11_VTA!H14,J12_VTA!H14,J13_VTA!H14) -> 0 | I10: =SUM(J01_IDA!J14,J02_IDA!J14,J03_IDA!J14,J04_IDA!J14,J05_IDA!J14,J06_IDA!J14,J07_IDA!J14,J08_IDA!J14,J09_IDA!J14,J10_IDA!J14,J11_IDA!J14,J12_IDA!J14,J13_IDA!J14,J01_VTA!J14,J02_VTA!J14,J03_VTA!J14,J04_VTA!J14,J05_VTA!J14,J06_VTA!J14,J07_VTA!J14,J08_VTA!J14,J09_VTA!J14,J10_VTA!J14,J11_VTA!J14,J12_VTA!J14,J13_VTA!J14) -> 0 | J10: =SUM(J01_IDA!K14,J02_IDA!K14,J03_IDA!K14,J04_IDA!K14,J05_IDA!K14,J06_IDA!K14,J07_IDA!K14,J08_IDA!K14,J09_IDA!K14,J10_IDA!K14,J11_IDA!K14,J12_IDA!K14,J13_IDA!K14,J01_VTA!K14,J02_VTA!K14,J03_VTA!K14,J04_VTA!K14,J05_VTA!K14,J06_VTA!K14,J07_VTA!K14,J08_VTA!K14,J09_VTA!K14,J10_VTA!K14,J11_VTA!K14,J12_VTA!K14,J13_VTA!K14) -> 0 | K10: =SUM(J01_IDA!L14,J02_IDA!L14,J03_IDA!L14,J04_IDA!L14,J05_IDA!L14,J06_IDA!L14,J07_IDA!L14,J08_IDA!L14,J09_IDA!L14,J10_IDA!L14,J11_IDA!L14,J12_IDA!L14,J13_IDA!L14,J01_VTA!L14,J02_VTA!L14,J03_VTA!L14,J04_VTA!L14,J05_VTA!L14,J06_VTA!L14,J07_VTA!L14,J08_VTA!L14,J09_VTA!L14,J10_VTA!L14,J11_VTA!L14,J12_VTA!L14,J13_VTA!L14) -> 0 | L10: =SUM(--(J01_IDA!M14="SÍ"),--(J02_IDA!M14="SÍ"),--(J03_IDA!M14="SÍ"),--(J04_IDA!M14="SÍ"),--(J05_IDA!M14="SÍ"),--(J06_IDA!M14="SÍ"),--(J07_IDA!M14="SÍ"),--(J08_IDA!M14="SÍ"),--(J09_IDA!M14="SÍ"),--(J10_IDA!M14="SÍ"),--(J11_IDA!M14="SÍ"),--(J12_IDA!M14="SÍ"),--(J13_IDA!M14="SÍ"),--(J01_VTA!M14="SÍ"),--(J02_VTA!M14="SÍ"),--(J03_VTA!M14="SÍ"),--(J04_VTA!M14="SÍ"),--(J05_VTA!M14="SÍ"),--(J06_VTA!M14="SÍ"),--(J07_VTA!M14="SÍ"),--(J08_VTA!M14="SÍ"),--(J09_VTA!M14="SÍ"),--(J10_VTA!M14="SÍ"),--(J11_VTA!M14="SÍ"),--(J12_VTA!M14="SÍ"),--(J13_VTA!M14="SÍ")) -> 0 | M10: =SUM(J01_IDA!I14,J02_IDA!I14,J03_IDA!I14,J04_IDA!I14,J05_IDA!I14,J06_IDA!I14,J07_IDA!I14,J08_IDA!I14,J09_IDA!I14,J10_IDA!I14,J11_IDA!I14,J12_IDA!I14,J13_IDA!I14,J01_VTA!I14,J02_VTA!I14,J03_VTA!I14,J04_VTA!I14,J05_VTA!I14,J06_VTA!I14,J07_VTA!I14,J08_VTA!I14,J09_VTA!I14,J10_VTA!I14,J11_VTA!I14,J12_VTA!I14,J13_VTA!I14) -> 0
A11: 6 | B11: Patri | C11: M.C. | D11: =SUM(--(J01_IDA!D15<>"NO CONVOCADA")*--(J01_IDA!D15<>""),--(J02_IDA!D15<>"NO CONVOCADA")*--(J02_IDA!D15<>""),--(J03_IDA!D15<>"NO CONVOCADA")*--(J03_IDA!D15<>""),--(J04_IDA!D15<>"NO CONVOCADA")*--(J04_IDA!D15<>""),--(J05_IDA!D15<>"NO CONVOCADA")*--(J05_IDA!D15<>""),--(J06_IDA!D15<>"NO CONVOCADA")*--(J06_IDA!D15<>""),--(J07_IDA!D15<>"NO CONVOCADA")*--(J07_IDA!D15<>""),--(J08_IDA!D15<>"NO CONVOCADA")*--(J08_IDA!D15<>""),--(J09_IDA!D15<>"NO CONVOCADA")*--(J09_IDA!D15<>""),--(J10_IDA!D15<>"NO CONVOCADA")*--(J10_IDA!D15<>""),--(J11_IDA!D15<>"NO CONVOCADA")*--(J11_IDA!D15<>""),--(J12_IDA!D15<>"NO CONVOCADA")*--(J12_IDA!D15<>""),--(J13_IDA!D15<>"NO CONVOCADA")*--(J13_IDA!D15<>""),--(J01_VTA!D15<>"NO CONVOCADA")*--(J01_VTA!D15<>""),--(J02_VTA!D15<>"NO CONVOCADA")*--(J02_VTA!D15<>""),--(J03_VTA!D15<>"NO CONVOCADA")*--(J03_VTA!D15<>""),--(J04_VTA!D15<>"NO CONVOCADA")*--(J04_VTA!D15<>""),--(J05_VTA!D15<>"NO CONVOCADA")*--(J05_VTA!D15<>""),--(J06_VTA!D15<>"NO CONVOCADA")*--(J06_VTA!D15<>""),--(J07_VTA!D15<>"NO CONVOCADA")*--(J07_VTA!D15<>""),--(J08_VTA!D15<>"NO CONVOCADA")*--(J08_VTA!D15<>""),--(J09_VTA!D15<>"NO CONVOCADA")*--(J09_VTA!D15<>""),--(J10_VTA!D15<>"NO CONVOCADA")*--(J10_VTA!D15<>""),--(J11_VTA!D15<>"NO CONVOCADA")*--(J11_VTA!D15<>""),--(J12_VTA!D15<>"NO CONVOCADA")*--(J12_VTA!D15<>""),--(J13_VTA!D15<>"NO CONVOCADA")*--(J13_VTA!D15<>"")) -> 1 | E11: =SUM(--(J01_IDA!D15="TITULAR"),--(J02_IDA!D15="TITULAR"),--(J03_IDA!D15="TITULAR"),--(J04_IDA!D15="TITULAR"),--(J05_IDA!D15="TITULAR"),--(J06_IDA!D15="TITULAR"),--(J07_IDA!D15="TITULAR"),--(J08_IDA!D15="TITULAR"),--(J09_IDA!D15="TITULAR"),--(J10_IDA!D15="TITULAR"),--(J11_IDA!D15="TITULAR"),--(J12_IDA!D15="TITULAR"),--(J13_IDA!D15="TITULAR"),--(J01_VTA!D15="TITULAR"),--(J02_VTA!D15="TITULAR"),--(J03_VTA!D15="TITULAR"),--(J04_VTA!D15="TITULAR"),--(J05_VTA!D15="TITULAR"),--(J06_VTA!D15="TITULAR"),--(J07_VTA!D15="TITULAR"),--(J08_VTA!D15="TITULAR"),--(J09_VTA!D15="TITULAR"),--(J10_VTA!D15="TITULAR"),--(J11_VTA!D15="TITULAR"),--(J12_VTA!D15="TITULAR"),--(J13_VTA!D15="TITULAR")) -> 1 | F11: =SUM(--(J01_IDA!D15="SUPLENTE"),--(J02_IDA!D15="SUPLENTE"),--(J03_IDA!D15="SUPLENTE"),--(J04_IDA!D15="SUPLENTE"),--(J05_IDA!D15="SUPLENTE"),--(J06_IDA!D15="SUPLENTE"),--(J07_IDA!D15="SUPLENTE"),--(J08_IDA!D15="SUPLENTE"),--(J09_IDA!D15="SUPLENTE"),--(J10_IDA!D15="SUPLENTE"),--(J11_IDA!D15="SUPLENTE"),--(J12_IDA!D15="SUPLENTE"),--(J13_IDA!D15="SUPLENTE"),--(J01_VTA!D15="SUPLENTE"),--(J02_VTA!D15="SUPLENTE"),--(J03_VTA!D15="SUPLENTE"),--(J04_VTA!D15="SUPLENTE"),--(J05_VTA!D15="SUPLENTE"),--(J06_VTA!D15="SUPLENTE"),--(J07_VTA!D15="SUPLENTE"),--(J08_VTA!D15="SUPLENTE"),--(J09_VTA!D15="SUPLENTE"),--(J10_VTA!D15="SUPLENTE"),--(J11_VTA!D15="SUPLENTE"),--(J12_VTA!D15="SUPLENTE"),--(J13_VTA!D15="SUPLENTE")) -> 0 | G11: =SUM(J01_IDA!G15,J02_IDA!G15,J03_IDA!G15,J04_IDA!G15,J05_IDA!G15,J06_IDA!G15,J07_IDA!G15,J08_IDA!G15,J09_IDA!G15,J10_IDA!G15,J11_IDA!G15,J12_IDA!G15,J13_IDA!G15,J01_VTA!G15,J02_VTA!G15,J03_VTA!G15,J04_VTA!G15,J05_VTA!G15,J06_VTA!G15,J07_VTA!G15,J08_VTA!G15,J09_VTA!G15,J10_VTA!G15,J11_VTA!G15,J12_VTA!G15,J13_VTA!G15) -> 64 | H11: =SUM(J01_IDA!H15,J02_IDA!H15,J03_IDA!H15,J04_IDA!H15,J05_IDA!H15,J06_IDA!H15,J07_IDA!H15,J08_IDA!H15,J09_IDA!H15,J10_IDA!H15,J11_IDA!H15,J12_IDA!H15,J13_IDA!H15,J01_VTA!H15,J02_VTA!H15,J03_VTA!H15,J04_VTA!H15,J05_VTA!H15,J06_VTA!H15,J07_VTA!H15,J08_VTA!H15,J09_VTA!H15,J10_VTA!H15,J11_VTA!H15,J12_VTA!H15,J13_VTA!H15) -> 0 | I11: =SUM(J01_IDA!J15,J02_IDA!J15,J03_IDA!J15,J04_IDA!J15,J05_IDA!J15,J06_IDA!J15,J07_IDA!J15,J08_IDA!J15,J09_IDA!J15,J10_IDA!J15,J11_IDA!J15,J12_IDA!J15,J13_IDA!J15,J01_VTA!J15,J02_VTA!J15,J03_VTA!J15,J04_VTA!J15,J05_VTA!J15,J06_VTA!J15,J07_VTA!J15,J08_VTA!J15,J09_VTA!J15,J10_VTA!J15,J11_VTA!J15,J12_VTA!J15,J13_VTA!J15) -> 0 | J11: =SUM(J01_IDA!K15,J02_IDA!K15,J03_IDA!K15,J04_IDA!K15,J05_IDA!K15,J06_IDA!K15,J07_IDA!K15,J08_IDA!K15,J09_IDA!K15,J10_IDA!K15,J11_IDA!K15,J12_IDA!K15,J13_IDA!K15,J01_VTA!K15,J02_VTA!K15,J03_VTA!K15,J04_VTA!K15,J05_VTA!K15,J06_VTA!K15,J07_VTA!K15,J08_VTA!K15,J09_VTA!K15,J10_VTA!K15,J11_VTA!K15,J12_VTA!K15,J13_VTA!K15) -> 0 | K11: =SUM(J01_IDA!L15,J02_IDA!L15,J03_IDA!L15,J04_IDA!L15,J05_IDA!L15,J06_IDA!L15,J07_IDA!L15,J08_IDA!L15,J09_IDA!L15,J10_IDA!L15,J11_IDA!L15,J12_IDA!L15,J13_IDA!L15,J01_VTA!L15,J02_VTA!L15,J03_VTA!L15,J04_VTA!L15,J05_VTA!L15,J06_VTA!L15,J07_VTA!L15,J08_VTA!L15,J09_VTA!L15,J10_VTA!L15,J11_VTA!L15,J12_VTA!L15,J13_VTA!L15) -> 0 | L11: =SUM(--(J01_IDA!M15="SÍ"),--(J02_IDA!M15="SÍ"),--(J03_IDA!M15="SÍ"),--(J04_IDA!M15="SÍ"),--(J05_IDA!M15="SÍ"),--(J06_IDA!M15="SÍ"),--(J07_IDA!M15="SÍ"),--(J08_IDA!M15="SÍ"),--(J09_IDA!M15="SÍ"),--(J10_IDA!M15="SÍ"),--(J11_IDA!M15="SÍ"),--(J12_IDA!M15="SÍ"),--(J13_IDA!M15="SÍ"),--(J01_VTA!M15="SÍ"),--(J02_VTA!M15="SÍ"),--(J03_VTA!M15="SÍ"),--(J04_VTA!M15="SÍ"),--(J05_VTA!M15="SÍ"),--(J06_VTA!M15="SÍ"),--(J07_VTA!M15="SÍ"),--(J08_VTA!M15="SÍ"),--(J09_VTA!M15="SÍ"),--(J10_VTA!M15="SÍ"),--(J11_VTA!M15="SÍ"),--(J12_VTA!M15="SÍ"),--(J13_VTA!M15="SÍ")) -> 0 | M11: =SUM(J01_IDA!I15,J02_IDA!I15,J03_IDA!I15,J04_IDA!I15,J05_IDA!I15,J06_IDA!I15,J07_IDA!I15,J08_IDA!I15,J09_IDA!I15,J10_IDA!I15,J11_IDA!I15,J12_IDA!I15,J13_IDA!I15,J01_VTA!I15,J02_VTA!I15,J03_VTA!I15,J04_VTA!I15,J05_VTA!I15,J06_VTA!I15,J07_VTA!I15,J08_VTA!I15,J09_VTA!I15,J10_VTA!I15,J11_VTA!I15,J12_VTA!I15,J13_VTA!I15) -> 0
A12: 7 | B12: Nerea | C12: EXT. | D12: =SUM(--(J01_IDA!D16<>"NO CONVOCADA")*--(J01_IDA!D16<>""),--(J02_IDA!D16<>"NO CONVOCADA")*--(J02_IDA!D16<>""),--(J03_IDA!D16<>"NO CONVOCADA")*--(J03_IDA!D16<>""),--(J04_IDA!D16<>"NO CONVOCADA")*--(J04_IDA!D16<>""),--(J05_IDA!D16<>"NO CONVOCADA")*--(J05_IDA!D16<>""),--(J06_IDA!D16<>"NO CONVOCADA")*--(J06_IDA!D16<>""),--(J07_IDA!D16<>"NO CONVOCADA")*--(J07_IDA!D16<>""),--(J08_IDA!D16<>"NO CONVOCADA")*--(J08_IDA!D16<>""),--(J09_IDA!D16<>"NO CONVOCADA")*--(J09_IDA!D16<>""),--(J10_IDA!D16<>"NO CONVOCADA")*--(J10_IDA!D16<>""),--(J11_IDA!D16<>"NO CONVOCADA")*--(J11_IDA!D16<>""),--(J12_IDA!D16<>"NO CONVOCADA")*--(J12_IDA!D16<>""),--(J13_IDA!D16<>"NO CONVOCADA")*--(J13_IDA!D16<>""),--(J01_VTA!D16<>"NO CONVOCADA")*--(J01_VTA!D16<>""),--(J02_VTA!D16<>"NO CONVOCADA")*--(J02_VTA!D16<>""),--(J03_VTA!D16<>"NO CONVOCADA")*--(J03_VTA!D16<>""),--(J04_VTA!D16<>"NO CONVOCADA")*--(J04_VTA!D16<>""),--(J05_VTA!D16<>"NO CONVOCADA")*--(J05_VTA!D16<>""),--(J06_VTA!D16<>"NO CONVOCADA")*--(J06_VTA!D16<>""),--(J07_VTA!D16<>"NO CONVOCADA")*--(J07_VTA!D16<>""),--(J08_VTA!D16<>"NO CONVOCADA")*--(J08_VTA!D16<>""),--(J09_VTA!D16<>"NO CONVOCADA")*--(J09_VTA!D16<>""),--(J10_VTA!D16<>"NO CONVOCADA")*--(J10_VTA!D16<>""),--(J11_VTA!D16<>"NO CONVOCADA")*--(J11_VTA!D16<>""),--(J12_VTA!D16<>"NO CONVOCADA")*--(J12_VTA!D16<>""),--(J13_VTA!D16<>"NO CONVOCADA")*--(J13_VTA!D16<>"")) -> 1 | E12: =SUM(--(J01_IDA!D16="TITULAR"),--(J02_IDA!D16="TITULAR"),--(J03_IDA!D16="TITULAR"),--(J04_IDA!D16="TITULAR"),--(J05_IDA!D16="TITULAR"),--(J06_IDA!D16="TITULAR"),--(J07_IDA!D16="TITULAR"),--(J08_IDA!D16="TITULAR"),--(J09_IDA!D16="TITULAR"),--(J10_IDA!D16="TITULAR"),--(J11_IDA!D16="TITULAR"),--(J12_IDA!D16="TITULAR"),--(J13_IDA!D16="TITULAR"),--(J01_VTA!D16="TITULAR"),--(J02_VTA!D16="TITULAR"),--(J03_VTA!D16="TITULAR"),--(J04_VTA!D16="TITULAR"),--(J05_VTA!D16="TITULAR"),--(J06_VTA!D16="TITULAR"),--(J07_VTA!D16="TITULAR"),--(J08_VTA!D16="TITULAR"),--(J09_VTA!D16="TITULAR"),--(J10_VTA!D16="TITULAR"),--(J11_VTA!D16="TITULAR"),--(J12_VTA!D16="TITULAR"),--(J13_VTA!D16="TITULAR")) -> 1 | F12: =SUM(--(J01_IDA!D16="SUPLENTE"),--(J02_IDA!D16="SUPLENTE"),--(J03_IDA!D16="SUPLENTE"),--(J04_IDA!D16="SUPLENTE"),--(J05_IDA!D16="SUPLENTE"),--(J06_IDA!D16="SUPLENTE"),--(J07_IDA!D16="SUPLENTE"),--(J08_IDA!D16="SUPLENTE"),--(J09_IDA!D16="SUPLENTE"),--(J10_IDA!D16="SUPLENTE"),--(J11_IDA!D16="SUPLENTE"),--(J12_IDA!D16="SUPLENTE"),--(J13_IDA!D16="SUPLENTE"),--(J01_VTA!D16="SUPLENTE"),--(J02_VTA!D16="SUPLENTE"),--(J03_VTA!D16="SUPLENTE"),--(J04_VTA!D16="SUPLENTE"),--(J05_VTA!D16="SUPLENTE"),--(J06_VTA!D16="SUPLENTE"),--(J07_VTA!D16="SUPLENTE"),--(J08_VTA!D16="SUPLENTE"),--(J09_VTA!D16="SUPLENTE"),--(J10_VTA!D16="SUPLENTE"),--(J11_VTA!D16="SUPLENTE"),--(J12_VTA!D16="SUPLENTE"),--(J13_VTA!D16="SUPLENTE")) -> 0 | G12: =SUM(J01_IDA!G16,J02_IDA!G16,J03_IDA!G16,J04_IDA!G16,J05_IDA!G16,J06_IDA!G16,J07_IDA!G16,J08_IDA!G16,J09_IDA!G16,J10_IDA!G16,J11_IDA!G16,J12_IDA!G16,J13_IDA!G16,J01_VTA!G16,J02_VTA!G16,J03_VTA!G16,J04_VTA!G16,J05_VTA!G16,J06_VTA!G16,J07_VTA!G16,J08_VTA!G16,J09_VTA!G16,J10_VTA!G16,J11_VTA!G16,J12_VTA!G16,J13_VTA!G16) -> 56 | H12: =SUM(J01_IDA!H16,J02_IDA!H16,J03_IDA!H16,J04_IDA!H16,J05_IDA!H16,J06_IDA!H16,J07_IDA!H16,J08_IDA!H16,J09_IDA!H16,J10_IDA!H16,J11_IDA!H16,J12_IDA!H16,J13_IDA!H16,J01_VTA!H16,J02_VTA!H16,J03_VTA!H16,J04_VTA!H16,J05_VTA!H16,J06_VTA!H16,J07_VTA!H16,J08_VTA!H16,J09_VTA!H16,J10_VTA!H16,J11_VTA!H16,J12_VTA!H16,J13_VTA!H16) -> 0 | I12: =SUM(J01_IDA!J16,J02_IDA!J16,J03_IDA!J16,J04_IDA!J16,J05_IDA!J16,J06_IDA!J16,J07_IDA!J16,J08_IDA!J16,J09_IDA!J16,J10_IDA!J16,J11_IDA!J16,J12_IDA!J16,J13_IDA!J16,J01_VTA!J16,J02_VTA!J16,J03_VTA!J16,J04_VTA!J16,J05_VTA!J16,J06_VTA!J16,J07_VTA!J16,J08_VTA!J16,J09_VTA!J16,J10_VTA!J16,J11_VTA!J16,J12_VTA!J16,J13_VTA!J16) -> 0 | J12: =SUM(J01_IDA!K16,J02_IDA!K16,J03_IDA!K16,J04_IDA!K16,J05_IDA!K16,J06_IDA!K16,J07_IDA!K16,J08_IDA!K16,J09_IDA!K16,J10_IDA!K16,J11_IDA!K16,J12_IDA!K16,J13_IDA!K16,J01_VTA!K16,J02_VTA!K16,J03_VTA!K16,J04_VTA!K16,J05_VTA!K16,J06_VTA!K16,J07_VTA!K16,J08_VTA!K16,J09_VTA!K16,J10_VTA!K16,J11_VTA!K16,J12_VTA!K16,J13_VTA!K16) -> 0 | K12: =SUM(J01_IDA!L16,J02_IDA!L16,J03_IDA!L16,J04_IDA!L16,J05_IDA!L16,J06_IDA!L16,J07_IDA!L16,J08_IDA!L16,J09_IDA!L16,J10_IDA!L16,J11_IDA!L16,J12_IDA!L16,J13_IDA!L16,J01_VTA!L16,J02_VTA!L16,J03_VTA!L16,J04_VTA!L16,J05_VTA!L16,J06_VTA!L16,J07_VTA!L16,J08_VTA!L16,J09_VTA!L16,J10_VTA!L16,J11_VTA!L16,J12_VTA!L16,J13_VTA!L16) -> 0 | L12: =SUM(--(J01_IDA!M16="SÍ"),--(J02_IDA!M16="SÍ"),--(J03_IDA!M16="SÍ"),--(J04_IDA!M16="SÍ"),--(J05_IDA!M16="SÍ"),--(J06_IDA!M16="SÍ"),--(J07_IDA!M16="SÍ"),--(J08_IDA!M16="SÍ"),--(J09_IDA!M16="SÍ"),--(J10_IDA!M16="SÍ"),--(J11_IDA!M16="SÍ"),--(J12_IDA!M16="SÍ"),--(J13_IDA!M16="SÍ"),--(J01_VTA!M16="SÍ"),--(J02_VTA!M16="SÍ"),--(J03_VTA!M16="SÍ"),--(J04_VTA!M16="SÍ"),--(J05_VTA!M16="SÍ"),--(J06_VTA!M16="SÍ"),--(J07_VTA!M16="SÍ"),--(J08_VTA!M16="SÍ"),--(J09_VTA!M16="SÍ"),--(J10_VTA!M16="SÍ"),--(J11_VTA!M16="SÍ"),--(J12_VTA!M16="SÍ"),--(J13_VTA!M16="SÍ")) -> 0 | M12: =SUM(J01_IDA!I16,J02_IDA!I16,J03_IDA!I16,J04_IDA!I16,J05_IDA!I16,J06_IDA!I16,J07_IDA!I16,J08_IDA!I16,J09_IDA!I16,J10_IDA!I16,J11_IDA!I16,J12_IDA!I16,J13_IDA!I16,J01_VTA!I16,J02_VTA!I16,J03_VTA!I16,J04_VTA!I16,J05_VTA!I16,J06_VTA!I16,J07_VTA!I16,J08_VTA!I16,J09_VTA!I16,J10_VTA!I16,J11_VTA!I16,J12_VTA!I16,J13_VTA!I16) -> 0
A13: 8 | B13: Caye | C13: L.I. / M.C. | D13: =SUM(--(J01_IDA!D17<>"NO CONVOCADA")*--(J01_IDA!D17<>""),--(J02_IDA!D17<>"NO CONVOCADA")*--(J02_IDA!D17<>""),--(J03_IDA!D17<>"NO CONVOCADA")*--(J03_IDA!D17<>""),--(J04_IDA!D17<>"NO CONVOCADA")*--(J04_IDA!D17<>""),--(J05_IDA!D17<>"NO CONVOCADA")*--(J05_IDA!D17<>""),--(J06_IDA!D17<>"NO CONVOCADA")*--(J06_IDA!D17<>""),--(J07_IDA!D17<>"NO CONVOCADA")*--(J07_IDA!D17<>""),--(J08_IDA!D17<>"NO CONVOCADA")*--(J08_IDA!D17<>""),--(J09_IDA!D17<>"NO CONVOCADA")*--(J09_IDA!D17<>""),--(J10_IDA!D17<>"NO CONVOCADA")*--(J10_IDA!D17<>""),--(J11_IDA!D17<>"NO CONVOCADA")*--(J11_IDA!D17<>""),--(J12_IDA!D17<>"NO CONVOCADA")*--(J12_IDA!D17<>""),--(J13_IDA!D17<>"NO CONVOCADA")*--(J13_IDA!D17<>""),--(J01_VTA!D17<>"NO CONVOCADA")*--(J01_VTA!D17<>""),--(J02_VTA!D17<>"NO CONVOCADA")*--(J02_VTA!D17<>""),--(J03_VTA!D17<>"NO CONVOCADA")*--(J03_VTA!D17<>""),--(J04_VTA!D17<>"NO CONVOCADA")*--(J04_VTA!D17<>""),--(J05_VTA!D17<>"NO CONVOCADA")*--(J05_VTA!D17<>""),--(J06_VTA!D17<>"NO CONVOCADA")*--(J06_VTA!D17<>""),--(J07_VTA!D17<>"NO CONVOCADA")*--(J07_VTA!D17<>""),--(J08_VTA!D17<>"NO CONVOCADA")*--(J08_VTA!D17<>""),--(J09_VTA!D17<>"NO CONVOCADA")*--(J09_VTA!D17<>""),--(J10_VTA!D17<>"NO CONVOCADA")*--(J10_VTA!D17<>""),--(J11_VTA!D17<>"NO CONVOCADA")*--(J11_VTA!D17<>""),--(J12_VTA!D17<>"NO CONVOCADA")*--(J12_VTA!D17<>""),--(J13_VTA!D17<>"NO CONVOCADA")*--(J13_VTA!D17<>"")) -> 1 | E13: =SUM(--(J01_IDA!D17="TITULAR"),--(J02_IDA!D17="TITULAR"),--(J03_IDA!D17="TITULAR"),--(J04_IDA!D17="TITULAR"),--(J05_IDA!D17="TITULAR"),--(J06_IDA!D17="TITULAR"),--(J07_IDA!D17="TITULAR"),--(J08_IDA!D17="TITULAR"),--(J09_IDA!D17="TITULAR"),--(J10_IDA!D17="TITULAR"),--(J11_IDA!D17="TITULAR"),--(J12_IDA!D17="TITULAR"),--(J13_IDA!D17="TITULAR"),--(J01_VTA!D17="TITULAR"),--(J02_VTA!D17="TITULAR"),--(J03_VTA!D17="TITULAR"),--(J04_VTA!D17="TITULAR"),--(J05_VTA!D17="TITULAR"),--(J06_VTA!D17="TITULAR"),--(J07_VTA!D17="TITULAR"),--(J08_VTA!D17="TITULAR"),--(J09_VTA!D17="TITULAR"),--(J10_VTA!D17="TITULAR"),--(J11_VTA!D17="TITULAR"),--(J12_VTA!D17="TITULAR"),--(J13_VTA!D17="TITULAR")) -> 1 | F13: =SUM(--(J01_IDA!D17="SUPLENTE"),--(J02_IDA!D17="SUPLENTE"),--(J03_IDA!D17="SUPLENTE"),--(J04_IDA!D17="SUPLENTE"),--(J05_IDA!D17="SUPLENTE"),--(J06_IDA!D17="SUPLENTE"),--(J07_IDA!D17="SUPLENTE"),--(J08_IDA!D17="SUPLENTE"),--(J09_IDA!D17="SUPLENTE"),--(J10_IDA!D17="SUPLENTE"),--(J11_IDA!D17="SUPLENTE"),--(J12_IDA!D17="SUPLENTE"),--(J13_IDA!D17="SUPLENTE"),--(J01_VTA!D17="SUPLENTE"),--(J02_VTA!D17="SUPLENTE"),--(J03_VTA!D17="SUPLENTE"),--(J04_VTA!D17="SUPLENTE"),--(J05_VTA!D17="SUPLENTE"),--(J06_VTA!D17="SUPLENTE"),--(J07_VTA!D17="SUPLENTE"),--(J08_VTA!D17="SUPLENTE"),--(J09_VTA!D17="SUPLENTE"),--(J10_VTA!D17="SUPLENTE"),--(J11_VTA!D17="SUPLENTE"),--(J12_VTA!D17="SUPLENTE"),--(J13_VTA!D17="SUPLENTE")) -> 0 | G13: =SUM(J01_IDA!G17,J02_IDA!G17,J03_IDA!G17,J04_IDA!G17,J05_IDA!G17,J06_IDA!G17,J07_IDA!G17,J08_IDA!G17,J09_IDA!G17,J10_IDA!G17,J11_IDA!G17,J12_IDA!G17,J13_IDA!G17,J01_VTA!G17,J02_VTA!G17,J03_VTA!G17,J04_VTA!G17,J05_VTA!G17,J06_VTA!G17,J07_VTA!G17,J08_VTA!G17,J09_VTA!G17,J10_VTA!G17,J11_VTA!G17,J12_VTA!G17,J13_VTA!G17) -> 43 | H13: =SUM(J01_IDA!H17,J02_IDA!H17,J03_IDA!H17,J04_IDA!H17,J05_IDA!H17,J06_IDA!H17,J07_IDA!H17,J08_IDA!H17,J09_IDA!H17,J10_IDA!H17,J11_IDA!H17,J12_IDA!H17,J13_IDA!H17,J01_VTA!H17,J02_VTA!H17,J03_VTA!H17,J04_VTA!H17,J05_VTA!H17,J06_VTA!H17,J07_VTA!H17,J08_VTA!H17,J09_VTA!H17,J10_VTA!H17,J11_VTA!H17,J12_VTA!H17,J13_VTA!H17) -> 1 | I13: =SUM(J01_IDA!J17,J02_IDA!J17,J03_IDA!J17,J04_IDA!J17,J05_IDA!J17,J06_IDA!J17,J07_IDA!J17,J08_IDA!J17,J09_IDA!J17,J10_IDA!J17,J11_IDA!J17,J12_IDA!J17,J13_IDA!J17,J01_VTA!J17,J02_VTA!J17,J03_VTA!J17,J04_VTA!J17,J05_VTA!J17,J06_VTA!J17,J07_VTA!J17,J08_VTA!J17,J09_VTA!J17,J10_VTA!J17,J11_VTA!J17,J12_VTA!J17,J13_VTA!J17) -> 0 | J13: =SUM(J01_IDA!K17,J02_IDA!K17,J03_IDA!K17,J04_IDA!K17,J05_IDA!K17,J06_IDA!K17,J07_IDA!K17,J08_IDA!K17,J09_IDA!K17,J10_IDA!K17,J11_IDA!K17,J12_IDA!K17,J13_IDA!K17,J01_VTA!K17,J02_VTA!K17,J03_VTA!K17,J04_VTA!K17,J05_VTA!K17,J06_VTA!K17,J07_VTA!K17,J08_VTA!K17,J09_VTA!K17,J10_VTA!K17,J11_VTA!K17,J12_VTA!K17,J13_VTA!K17) -> 0 | K13: =SUM(J01_IDA!L17,J02_IDA!L17,J03_IDA!L17,J04_IDA!L17,J05_IDA!L17,J06_IDA!L17,J07_IDA!L17,J08_IDA!L17,J09_IDA!L17,J10_IDA!L17,J11_IDA!L17,J12_IDA!L17,J13_IDA!L17,J01_VTA!L17,J02_VTA!L17,J03_VTA!L17,J04_VTA!L17,J05_VTA!L17,J06_VTA!L17,J07_VTA!L17,J08_VTA!L17,J09_VTA!L17,J10_VTA!L17,J11_VTA!L17,J12_VTA!L17,J13_VTA!L17) -> 0 | L13: =SUM(--(J01_IDA!M17="SÍ"),--(J02_IDA!M17="SÍ"),--(J03_IDA!M17="SÍ"),--(J04_IDA!M17="SÍ"),--(J05_IDA!M17="SÍ"),--(J06_IDA!M17="SÍ"),--(J07_IDA!M17="SÍ"),--(J08_IDA!M17="SÍ"),--(J09_IDA!M17="SÍ"),--(J10_IDA!M17="SÍ"),--(J11_IDA!M17="SÍ"),--(J12_IDA!M17="SÍ"),--(J13_IDA!M17="SÍ"),--(J01_VTA!M17="SÍ"),--(J02_VTA!M17="SÍ"),--(J03_VTA!M17="SÍ"),--(J04_VTA!M17="SÍ"),--(J05_VTA!M17="SÍ"),--(J06_VTA!M17="SÍ"),--(J07_VTA!M17="SÍ"),--(J08_VTA!M17="SÍ"),--(J09_VTA!M17="SÍ"),--(J10_VTA!M17="SÍ"),--(J11_VTA!M17="SÍ"),--(J12_VTA!M17="SÍ"),--(J13_VTA!M17="SÍ")) -> 0 | M13: =SUM(J01_IDA!I17,J02_IDA!I17,J03_IDA!I17,J04_IDA!I17,J05_IDA!I17,J06_IDA!I17,J07_IDA!I17,J08_IDA!I17,J09_IDA!I17,J10_IDA!I17,J11_IDA!I17,J12_IDA!I17,J13_IDA!I17,J01_VTA!I17,J02_VTA!I17,J03_VTA!I17,J04_VTA!I17,J05_VTA!I17,J06_VTA!I17,J07_VTA!I17,J08_VTA!I17,J09_VTA!I17,J10_VTA!I17,J11_VTA!I17,J12_VTA!I17,J13_VTA!I17) -> 0
A14: 9 | B14: Virginia | C14: DELANTERA / EXT. | D14: =SUM(--(J01_IDA!D18<>"NO CONVOCADA")*--(J01_IDA!D18<>""),--(J02_IDA!D18<>"NO CONVOCADA")*--(J02_IDA!D18<>""),--(J03_IDA!D18<>"NO CONVOCADA")*--(J03_IDA!D18<>""),--(J04_IDA!D18<>"NO CONVOCADA")*--(J04_IDA!D18<>""),--(J05_IDA!D18<>"NO CONVOCADA")*--(J05_IDA!D18<>""),--(J06_IDA!D18<>"NO CONVOCADA")*--(J06_IDA!D18<>""),--(J07_IDA!D18<>"NO CONVOCADA")*--(J07_IDA!D18<>""),--(J08_IDA!D18<>"NO CONVOCADA")*--(J08_IDA!D18<>""),--(J09_IDA!D18<>"NO CONVOCADA")*--(J09_IDA!D18<>""),--(J10_IDA!D18<>"NO CONVOCADA")*--(J10_IDA!D18<>""),--(J11_IDA!D18<>"NO CONVOCADA")*--(J11_IDA!D18<>""),--(J12_IDA!D18<>"NO CONVOCADA")*--(J12_IDA!D18<>""),--(J13_IDA!D18<>"NO CONVOCADA")*--(J13_IDA!D18<>""),--(J01_VTA!D18<>"NO CONVOCADA")*--(J01_VTA!D18<>""),--(J02_VTA!D18<>"NO CONVOCADA")*--(J02_VTA!D18<>""),--(J03_VTA!D18<>"NO CONVOCADA")*--(J03_VTA!D18<>""),--(J04_VTA!D18<>"NO CONVOCADA")*--(J04_VTA!D18<>""),--(J05_VTA!D18<>"NO CONVOCADA")*--(J05_VTA!D18<>""),--(J06_VTA!D18<>"NO CONVOCADA")*--(J06_VTA!D18<>""),--(J07_VTA!D18<>"NO CONVOCADA")*--(J07_VTA!D18<>""),--(J08_VTA!D18<>"NO CONVOCADA")*--(J08_VTA!D18<>""),--(J09_VTA!D18<>"NO CONVOCADA")*--(J09_VTA!D18<>""),--(J10_VTA!D18<>"NO CONVOCADA")*--(J10_VTA!D18<>""),--(J11_VTA!D18<>"NO CONVOCADA")*--(J11_VTA!D18<>""),--(J12_VTA!D18<>"NO CONVOCADA")*--(J12_VTA!D18<>""),--(J13_VTA!D18<>"NO CONVOCADA")*--(J13_VTA!D18<>"")) -> 1 | E14: =SUM(--(J01_IDA!D18="TITULAR"),--(J02_IDA!D18="TITULAR"),--(J03_IDA!D18="TITULAR"),--(J04_IDA!D18="TITULAR"),--(J05_IDA!D18="TITULAR"),--(J06_IDA!D18="TITULAR"),--(J07_IDA!D18="TITULAR"),--(J08_IDA!D18="TITULAR"),--(J09_IDA!D18="TITULAR"),--(J10_IDA!D18="TITULAR"),--(J11_IDA!D18="TITULAR"),--(J12_IDA!D18="TITULAR"),--(J13_IDA!D18="TITULAR"),--(J01_VTA!D18="TITULAR"),--(J02_VTA!D18="TITULAR"),--(J03_VTA!D18="TITULAR"),--(J04_VTA!D18="TITULAR"),--(J05_VTA!D18="TITULAR"),--(J06_VTA!D18="TITULAR"),--(J07_VTA!D18="TITULAR"),--(J08_VTA!D18="TITULAR"),--(J09_VTA!D18="TITULAR"),--(J10_VTA!D18="TITULAR"),--(J11_VTA!D18="TITULAR"),--(J12_VTA!D18="TITULAR"),--(J13_VTA!D18="TITULAR")) -> 1 | F14: =SUM(--(J01_IDA!D18="SUPLENTE"),--(J02_IDA!D18="SUPLENTE"),--(J03_IDA!D18="SUPLENTE"),--(J04_IDA!D18="SUPLENTE"),--(J05_IDA!D18="SUPLENTE"),--(J06_IDA!D18="SUPLENTE"),--(J07_IDA!D18="SUPLENTE"),--(J08_IDA!D18="SUPLENTE"),--(J09_IDA!D18="SUPLENTE"),--(J10_IDA!D18="SUPLENTE"),--(J11_IDA!D18="SUPLENTE"),--(J12_IDA!D18="SUPLENTE"),--(J13_IDA!D18="SUPLENTE"),--(J01_VTA!D18="SUPLENTE"),--(J02_VTA!D18="SUPLENTE"),--(J03_VTA!D18="SUPLENTE"),--(J04_VTA!D18="SUPLENTE"),--(J05_VTA!D18="SUPLENTE"),--(J06_VTA!D18="SUPLENTE"),--(J07_VTA!D18="SUPLENTE"),--(J08_VTA!D18="SUPLENTE"),--(J09_VTA!D18="SUPLENTE"),--(J10_VTA!D18="SUPLENTE"),--(J11_VTA!D18="SUPLENTE"),--(J12_VTA!D18="SUPLENTE"),--(J13_VTA!D18="SUPLENTE")) -> 0 | G14: =SUM(J01_IDA!G18,J02_IDA!G18,J03_IDA!G18,J04_IDA!G18,J05_IDA!G18,J06_IDA!G18,J07_IDA!G18,J08_IDA!G18,J09_IDA!G18,J10_IDA!G18,J11_IDA!G18,J12_IDA!G18,J13_IDA!G18,J01_VTA!G18,J02_VTA!G18,J03_VTA!G18,J04_VTA!G18,J05_VTA!G18,J06_VTA!G18,J07_VTA!G18,J08_VTA!G18,J09_VTA!G18,J10_VTA!G18,J11_VTA!G18,J12_VTA!G18,J13_VTA!G18) -> 64 | H14: =SUM(J01_IDA!H18,J02_IDA!H18,J03_IDA!H18,J04_IDA!H18,J05_IDA!H18,J06_IDA!H18,J07_IDA!H18,J08_IDA!H18,J09_IDA!H18,J10_IDA!H18,J11_IDA!H18,J12_IDA!H18,J13_IDA!H18,J01_VTA!H18,J02_VTA!H18,J03_VTA!H18,J04_VTA!H18,J05_VTA!H18,J06_VTA!H18,J07_VTA!H18,J08_VTA!H18,J09_VTA!H18,J10_VTA!H18,J11_VTA!H18,J12_VTA!H18,J13_VTA!H18) -> 0 | I14: =SUM(J01_IDA!J18,J02_IDA!J18,J03_IDA!J18,J04_IDA!J18,J05_IDA!J18,J06_IDA!J18,J07_IDA!J18,J08_IDA!J18,J09_IDA!J18,J10_IDA!J18,J11_IDA!J18,J12_IDA!J18,J13_IDA!J18,J01_VTA!J18,J02_VTA!J18,J03_VTA!J18,J04_VTA!J18,J05_VTA!J18,J06_VTA!J18,J07_VTA!J18,J08_VTA!J18,J09_VTA!J18,J10_VTA!J18,J11_VTA!J18,J12_VTA!J18,J13_VTA!J18) -> 0 | J14: =SUM(J01_IDA!K18,J02_IDA!K18,J03_IDA!K18,J04_IDA!K18,J05_IDA!K18,J06_IDA!K18,J07_IDA!K18,J08_IDA!K18,J09_IDA!K18,J10_IDA!K18,J11_IDA!K18,J12_IDA!K18,J13_IDA!K18,J01_VTA!K18,J02_VTA!K18,J03_VTA!K18,J04_VTA!K18,J05_VTA!K18,J06_VTA!K18,J07_VTA!K18,J08_VTA!K18,J09_VTA!K18,J10_VTA!K18,J11_VTA!K18,J12_VTA!K18,J13_VTA!K18) -> 0 | K14: =SUM(J01_IDA!L18,J02_IDA!L18,J03_IDA!L18,J04_IDA!L18,J05_IDA!L18,J06_IDA!L18,J07_IDA!L18,J08_IDA!L18,J09_IDA!L18,J10_IDA!L18,J11_IDA!L18,J12_IDA!L18,J13_IDA!L18,J01_VTA!L18,J02_VTA!L18,J03_VTA!L18,J04_VTA!L18,J05_VTA!L18,J06_VTA!L18,J07_VTA!L18,J08_VTA!L18,J09_VTA!L18,J10_VTA!L18,J11_VTA!L18,J12_VTA!L18,J13_VTA!L18) -> 0 | L14: =SUM(--(J01_IDA!M18="SÍ"),--(J02_IDA!M18="SÍ"),--(J03_IDA!M18="SÍ"),--(J04_IDA!M18="SÍ"),--(J05_IDA!M18="SÍ"),--(J06_IDA!M18="SÍ"),--(J07_IDA!M18="SÍ"),--(J08_IDA!M18="SÍ"),--(J09_IDA!M18="SÍ"),--(J10_IDA!M18="SÍ"),--(J11_IDA!M18="SÍ"),--(J12_IDA!M18="SÍ"),--(J13_IDA!M18="SÍ"),--(J01_VTA!M18="SÍ"),--(J02_VTA!M18="SÍ"),--(J03_VTA!M18="SÍ"),--(J04_VTA!M18="SÍ"),--(J05_VTA!M18="SÍ"),--(J06_VTA!M18="SÍ"),--(J07_VTA!M18="SÍ"),--(J08_VTA!M18="SÍ"),--(J09_VTA!M18="SÍ"),--(J10_VTA!M18="SÍ"),--(J11_VTA!M18="SÍ"),--(J12_VTA!M18="SÍ"),--(J13_VTA!M18="SÍ")) -> 0 | M14: =SUM(J01_IDA!I18,J02_IDA!I18,J03_IDA!I18,J04_IDA!I18,J05_IDA!I18,J06_IDA!I18,J07_IDA!I18,J08_IDA!I18,J09_IDA!I18,J10_IDA!I18,J11_IDA!I18,J12_IDA!I18,J13_IDA!I18,J01_VTA!I18,J02_VTA!I18,J03_VTA!I18,J04_VTA!I18,J05_VTA!I18,J06_VTA!I18,J07_VTA!I18,J08_VTA!I18,J09_VTA!I18,J10_VTA!I18,J11_VTA!I18,J12_VTA!I18,J13_VTA!I18) -> 0
A15: 10 | B15: Guzmán | C15: M.P. / EXT. | D15: =SUM(--(J01_IDA!D19<>"NO CONVOCADA")*--(J01_IDA!D19<>""),--(J02_IDA!D19<>"NO CONVOCADA")*--(J02_IDA!D19<>""),--(J03_IDA!D19<>"NO CONVOCADA")*--(J03_IDA!D19<>""),--(J04_IDA!D19<>"NO CONVOCADA")*--(J04_IDA!D19<>""),--(J05_IDA!D19<>"NO CONVOCADA")*--(J05_IDA!D19<>""),--(J06_IDA!D19<>"NO CONVOCADA")*--(J06_IDA!D19<>""),--(J07_IDA!D19<>"NO CONVOCADA")*--(J07_IDA!D19<>""),--(J08_IDA!D19<>"NO CONVOCADA")*--(J08_IDA!D19<>""),--(J09_IDA!D19<>"NO CONVOCADA")*--(J09_IDA!D19<>""),--(J10_IDA!D19<>"NO CONVOCADA")*--(J10_IDA!D19<>""),--(J11_IDA!D19<>"NO CONVOCADA")*--(J11_IDA!D19<>""),--(J12_IDA!D19<>"NO CONVOCADA")*--(J12_IDA!D19<>""),--(J13_IDA!D19<>"NO CONVOCADA")*--(J13_IDA!D19<>""),--(J01_VTA!D19<>"NO CONVOCADA")*--(J01_VTA!D19<>""),--(J02_VTA!D19<>"NO CONVOCADA")*--(J02_VTA!D19<>""),--(J03_VTA!D19<>"NO CONVOCADA")*--(J03_VTA!D19<>""),--(J04_VTA!D19<>"NO CONVOCADA")*--(J04_VTA!D19<>""),--(J05_VTA!D19<>"NO CONVOCADA")*--(J05_VTA!D19<>""),--(J06_VTA!D19<>"NO CONVOCADA")*--(J06_VTA!D19<>""),--(J07_VTA!D19<>"NO CONVOCADA")*--(J07_VTA!D19<>""),--(J08_VTA!D19<>"NO CONVOCADA")*--(J08_VTA!D19<>""),--(J09_VTA!D19<>"NO CONVOCADA")*--(J09_VTA!D19<>""),--(J10_VTA!D19<>"NO CONVOCADA")*--(J10_VTA!D19<>""),--(J11_VTA!D19<>"NO CONVOCADA")*--(J11_VTA!D19<>""),--(J12_VTA!D19<>"NO CONVOCADA")*--(J12_VTA!D19<>""),--(J13_VTA!D19<>"NO CONVOCADA")*--(J13_VTA!D19<>"")) -> 1 | E15: =SUM(--(J01_IDA!D19="TITULAR"),--(J02_IDA!D19="TITULAR"),--(J03_IDA!D19="TITULAR"),--(J04_IDA!D19="TITULAR"),--(J05_IDA!D19="TITULAR"),--(J06_IDA!D19="TITULAR"),--(J07_IDA!D19="TITULAR"),--(J08_IDA!D19="TITULAR"),--(J09_IDA!D19="TITULAR"),--(J10_IDA!D19="TITULAR"),--(J11_IDA!D19="TITULAR"),--(J12_IDA!D19="TITULAR"),--(J13_IDA!D19="TITULAR"),--(J01_VTA!D19="TITULAR"),--(J02_VTA!D19="TITULAR"),--(J03_VTA!D19="TITULAR"),--(J04_VTA!D19="TITULAR"),--(J05_VTA!D19="TITULAR"),--(J06_VTA!D19="TITULAR"),--(J07_VTA!D19="TITULAR"),--(J08_VTA!D19="TITULAR"),--(J09_VTA!D19="TITULAR"),--(J10_VTA!D19="TITULAR"),--(J11_VTA!D19="TITULAR"),--(J12_VTA!D19="TITULAR"),--(J13_VTA!D19="TITULAR")) -> 1 | F15: =SUM(--(J01_IDA!D19="SUPLENTE"),--(J02_IDA!D19="SUPLENTE"),--(J03_IDA!D19="SUPLENTE"),--(J04_IDA!D19="SUPLENTE"),--(J05_IDA!D19="SUPLENTE"),--(J06_IDA!D19="SUPLENTE"),--(J07_IDA!D19="SUPLENTE"),--(J08_IDA!D19="SUPLENTE"),--(J09_IDA!D19="SUPLENTE"),--(J10_IDA!D19="SUPLENTE"),--(J11_IDA!D19="SUPLENTE"),--(J12_IDA!D19="SUPLENTE"),--(J13_IDA!D19="SUPLENTE"),--(J01_VTA!D19="SUPLENTE"),--(J02_VTA!D19="SUPLENTE"),--(J03_VTA!D19="SUPLENTE"),--(J04_VTA!D19="SUPLENTE"),--(J05_VTA!D19="SUPLENTE"),--(J06_VTA!D19="SUPLENTE"),--(J07_VTA!D19="SUPLENTE"),--(J08_VTA!D19="SUPLENTE"),--(J09_VTA!D19="SUPLENTE"),--(J10_VTA!D19="SUPLENTE"),--(J11_VTA!D19="SUPLENTE"),--(J12_VTA!D19="SUPLENTE"),--(J13_VTA!D19="SUPLENTE")) -> 0 | G15: =SUM(J01_IDA!G19,J02_IDA!G19,J03_IDA!G19,J04_IDA!G19,J05_IDA!G19,J06_IDA!G19,J07_IDA!G19,J08_IDA!G19,J09_IDA!G19,J10_IDA!G19,J11_IDA!G19,J12_IDA!G19,J13_IDA!G19,J01_VTA!G19,J02_VTA!G19,J03_VTA!G19,J04_VTA!G19,J05_VTA!G19,J06_VTA!G19,J07_VTA!G19,J08_VTA!G19,J09_VTA!G19,J10_VTA!G19,J11_VTA!G19,J12_VTA!G19,J13_VTA!G19) -> 73 | H15: =SUM(J01_IDA!H19,J02_IDA!H19,J03_IDA!H19,J04_IDA!H19,J05_IDA!H19,J06_IDA!H19,J07_IDA!H19,J08_IDA!H19,J09_IDA!H19,J10_IDA!H19,J11_IDA!H19,J12_IDA!H19,J13_IDA!H19,J01_VTA!H19,J02_VTA!H19,J03_VTA!H19,J04_VTA!H19,J05_VTA!H19,J06_VTA!H19,J07_VTA!H19,J08_VTA!H19,J09_VTA!H19,J10_VTA!H19,J11_VTA!H19,J12_VTA!H19,J13_VTA!H19) -> 0 | I15: =SUM(J01_IDA!J19,J02_IDA!J19,J03_IDA!J19,J04_IDA!J19,J05_IDA!J19,J06_IDA!J19,J07_IDA!J19,J08_IDA!J19,J09_IDA!J19,J10_IDA!J19,J11_IDA!J19,J12_IDA!J19,J13_IDA!J19,J01_VTA!J19,J02_VTA!J19,J03_VTA!J19,J04_VTA!J19,J05_VTA!J19,J06_VTA!J19,J07_VTA!J19,J08_VTA!J19,J09_VTA!J19,J10_VTA!J19,J11_VTA!J19,J12_VTA!J19,J13_VTA!J19) -> 0 | J15: =SUM(J01_IDA!K19,J02_IDA!K19,J03_IDA!K19,J04_IDA!K19,J05_IDA!K19,J06_IDA!K19,J07_IDA!K19,J08_IDA!K19,J09_IDA!K19,J10_IDA!K19,J11_IDA!K19,J12_IDA!K19,J13_IDA!K19,J01_VTA!K19,J02_VTA!K19,J03_VTA!K19,J04_VTA!K19,J05_VTA!K19,J06_VTA!K19,J07_VTA!K19,J08_VTA!K19,J09_VTA!K19,J10_VTA!K19,J11_VTA!K19,J12_VTA!K19,J13_VTA!K19) -> 0 | K15: =SUM(J01_IDA!L19,J02_IDA!L19,J03_IDA!L19,J04_IDA!L19,J05_IDA!L19,J06_IDA!L19,J07_IDA!L19,J08_IDA!L19,J09_IDA!L19,J10_IDA!L19,J11_IDA!L19,J12_IDA!L19,J13_IDA!L19,J01_VTA!L19,J02_VTA!L19,J03_VTA!L19,J04_VTA!L19,J05_VTA!L19,J06_VTA!L19,J07_VTA!L19,J08_VTA!L19,J09_VTA!L19,J10_VTA!L19,J11_VTA!L19,J12_VTA!L19,J13_VTA!L19) -> 0 | L15: =SUM(--(J01_IDA!M19="SÍ"),--(J02_IDA!M19="SÍ"),--(J03_IDA!M19="SÍ"),--(J04_IDA!M19="SÍ"),--(J05_IDA!M19="SÍ"),--(J06_IDA!M19="SÍ"),--(J07_IDA!M19="SÍ"),--(J08_IDA!M19="SÍ"),--(J09_IDA!M19="SÍ"),--(J10_IDA!M19="SÍ"),--(J11_IDA!M19="SÍ"),--(J12_IDA!M19="SÍ"),--(J13_IDA!M19="SÍ"),--(J01_VTA!M19="SÍ"),--(J02_VTA!M19="SÍ"),--(J03_VTA!M19="SÍ"),--(J04_VTA!M19="SÍ"),--(J05_VTA!M19="SÍ"),--(J06_VTA!M19="SÍ"),--(J07_VTA!M19="SÍ"),--(J08_VTA!M19="SÍ"),--(J09_VTA!M19="SÍ"),--(J10_VTA!M19="SÍ"),--(J11_VTA!M19="SÍ"),--(J12_VTA!M19="SÍ"),--(J13_VTA!M19="SÍ")) -> 0 | M15: =SUM(J01_IDA!I19,J02_IDA!I19,J03_IDA!I19,J04_IDA!I19,J05_IDA!I19,J06_IDA!I19,J07_IDA!I19,J08_IDA!I19,J09_IDA!I19,J10_IDA!I19,J11_IDA!I19,J12_IDA!I19,J13_IDA!I19,J01_VTA!I19,J02_VTA!I19,J03_VTA!I19,J04_VTA!I19,J05_VTA!I19,J06_VTA!I19,J07_VTA!I19,J08_VTA!I19,J09_VTA!I19,J10_VTA!I19,J11_VTA!I19,J12_VTA!I19,J13_VTA!I19) -> 0
A16: 11 | B16: Mariana A. | C16: EXT. | D16: =SUM(--(J01_IDA!D20<>"NO CONVOCADA")*--(J01_IDA!D20<>""),--(J02_IDA!D20<>"NO CONVOCADA")*--(J02_IDA!D20<>""),--(J03_IDA!D20<>"NO CONVOCADA")*--(J03_IDA!D20<>""),--(J04_IDA!D20<>"NO CONVOCADA")*--(J04_IDA!D20<>""),--(J05_IDA!D20<>"NO CONVOCADA")*--(J05_IDA!D20<>""),--(J06_IDA!D20<>"NO CONVOCADA")*--(J06_IDA!D20<>""),--(J07_IDA!D20<>"NO CONVOCADA")*--(J07_IDA!D20<>""),--(J08_IDA!D20<>"NO CONVOCADA")*--(J08_IDA!D20<>""),--(J09_IDA!D20<>"NO CONVOCADA")*--(J09_IDA!D20<>""),--(J10_IDA!D20<>"NO CONVOCADA")*--(J10_IDA!D20<>""),--(J11_IDA!D20<>"NO CONVOCADA")*--(J11_IDA!D20<>""),--(J12_IDA!D20<>"NO CONVOCADA")*--(J12_IDA!D20<>""),--(J13_IDA!D20<>"NO CONVOCADA")*--(J13_IDA!D20<>""),--(J01_VTA!D20<>"NO CONVOCADA")*--(J01_VTA!D20<>""),--(J02_VTA!D20<>"NO CONVOCADA")*--(J02_VTA!D20<>""),--(J03_VTA!D20<>"NO CONVOCADA")*--(J03_VTA!D20<>""),--(J04_VTA!D20<>"NO CONVOCADA")*--(J04_VTA!D20<>""),--(J05_VTA!D20<>"NO CONVOCADA")*--(J05_VTA!D20<>""),--(J06_VTA!D20<>"NO CONVOCADA")*--(J06_VTA!D20<>""),--(J07_VTA!D20<>"NO CONVOCADA")*--(J07_VTA!D20<>""),--(J08_VTA!D20<>"NO CONVOCADA")*--(J08_VTA!D20<>""),--(J09_VTA!D20<>"NO CONVOCADA")*--(J09_VTA!D20<>""),--(J10_VTA!D20<>"NO CONVOCADA")*--(J10_VTA!D20<>""),--(J11_VTA!D20<>"NO CONVOCADA")*--(J11_VTA!D20<>""),--(J12_VTA!D20<>"NO CONVOCADA")*--(J12_VTA!D20<>""),--(J13_VTA!D20<>"NO CONVOCADA")*--(J13_VTA!D20<>"")) -> 1 | E16: =SUM(--(J01_IDA!D20="TITULAR"),--(J02_IDA!D20="TITULAR"),--(J03_IDA!D20="TITULAR"),--(J04_IDA!D20="TITULAR"),--(J05_IDA!D20="TITULAR"),--(J06_IDA!D20="TITULAR"),--(J07_IDA!D20="TITULAR"),--(J08_IDA!D20="TITULAR"),--(J09_IDA!D20="TITULAR"),--(J10_IDA!D20="TITULAR"),--(J11_IDA!D20="TITULAR"),--(J12_IDA!D20="TITULAR"),--(J13_IDA!D20="TITULAR"),--(J01_VTA!D20="TITULAR"),--(J02_VTA!D20="TITULAR"),--(J03_VTA!D20="TITULAR"),--(J04_VTA!D20="TITULAR"),--(J05_VTA!D20="TITULAR"),--(J06_VTA!D20="TITULAR"),--(J07_VTA!D20="TITULAR"),--(J08_VTA!D20="TITULAR"),--(J09_VTA!D20="TITULAR"),--(J10_VTA!D20="TITULAR"),--(J11_VTA!D20="TITULAR"),--(J12_VTA!D20="TITULAR"),--(J13_VTA!D20="TITULAR")) -> 1 | F16: =SUM(--(J01_IDA!D20="SUPLENTE"),--(J02_IDA!D20="SUPLENTE"),--(J03_IDA!D20="SUPLENTE"),--(J04_IDA!D20="SUPLENTE"),--(J05_IDA!D20="SUPLENTE"),--(J06_IDA!D20="SUPLENTE"),--(J07_IDA!D20="SUPLENTE"),--(J08_IDA!D20="SUPLENTE"),--(J09_IDA!D20="SUPLENTE"),--(J10_IDA!D20="SUPLENTE"),--(J11_IDA!D20="SUPLENTE"),--(J12_IDA!D20="SUPLENTE"),--(J13_IDA!D20="SUPLENTE"),--(J01_VTA!D20="SUPLENTE"),--(J02_VTA!D20="SUPLENTE"),--(J03_VTA!D20="SUPLENTE"),--(J04_VTA!D20="SUPLENTE"),--(J05_VTA!D20="SUPLENTE"),--(J06_VTA!D20="SUPLENTE"),--(J07_VTA!D20="SUPLENTE"),--(J08_VTA!D20="SUPLENTE"),--(J09_VTA!D20="SUPLENTE"),--(J10_VTA!D20="SUPLENTE"),--(J11_VTA!D20="SUPLENTE"),--(J12_VTA!D20="SUPLENTE"),--(J13_VTA!D20="SUPLENTE")) -> 0 | G16: =SUM(J01_IDA!G20,J02_IDA!G20,J03_IDA!G20,J04_IDA!G20,J05_IDA!G20,J06_IDA!G20,J07_IDA!G20,J08_IDA!G20,J09_IDA!G20,J10_IDA!G20,J11_IDA!G20,J12_IDA!G20,J13_IDA!G20,J01_VTA!G20,J02_VTA!G20,J03_VTA!G20,J04_VTA!G20,J05_VTA!G20,J06_VTA!G20,J07_VTA!G20,J08_VTA!G20,J09_VTA!G20,J10_VTA!G20,J11_VTA!G20,J12_VTA!G20,J13_VTA!G20) -> 75 | H16: =SUM(J01_IDA!H20,J02_IDA!H20,J03_IDA!H20,J04_IDA!H20,J05_IDA!H20,J06_IDA!H20,J07_IDA!H20,J08_IDA!H20,J09_IDA!H20,J10_IDA!H20,J11_IDA!H20,J12_IDA!H20,J13_IDA!H20,J01_VTA!H20,J02_VTA!H20,J03_VTA!H20,J04_VTA!H20,J05_VTA!H20,J06_VTA!H20,J07_VTA!H20,J08_VTA!H20,J09_VTA!H20,J10_VTA!H20,J11_VTA!H20,J12_VTA!H20,J13_VTA!H20) -> 0 | I16: =SUM(J01_IDA!J20,J02_IDA!J20,J03_IDA!J20,J04_IDA!J20,J05_IDA!J20,J06_IDA!J20,J07_IDA!J20,J08_IDA!J20,J09_IDA!J20,J10_IDA!J20,J11_IDA!J20,J12_IDA!J20,J13_IDA!J20,J01_VTA!J20,J02_VTA!J20,J03_VTA!J20,J04_VTA!J20,J05_VTA!J20,J06_VTA!J20,J07_VTA!J20,J08_VTA!J20,J09_VTA!J20,J10_VTA!J20,J11_VTA!J20,J12_VTA!J20,J13_VTA!J20) -> 1 | J16: =SUM(J01_IDA!K20,J02_IDA!K20,J03_IDA!K20,J04_IDA!K20,J05_IDA!K20,J06_IDA!K20,J07_IDA!K20,J08_IDA!K20,J09_IDA!K20,J10_IDA!K20,J11_IDA!K20,J12_IDA!K20,J13_IDA!K20,J01_VTA!K20,J02_VTA!K20,J03_VTA!K20,J04_VTA!K20,J05_VTA!K20,J06_VTA!K20,J07_VTA!K20,J08_VTA!K20,J09_VTA!K20,J10_VTA!K20,J11_VTA!K20,J12_VTA!K20,J13_VTA!K20) -> 0 | K16: =SUM(J01_IDA!L20,J02_IDA!L20,J03_IDA!L20,J04_IDA!L20,J05_IDA!L20,J06_IDA!L20,J07_IDA!L20,J08_IDA!L20,J09_IDA!L20,J10_IDA!L20,J11_IDA!L20,J12_IDA!L20,J13_IDA!L20,J01_VTA!L20,J02_VTA!L20,J03_VTA!L20,J04_VTA!L20,J05_VTA!L20,J06_VTA!L20,J07_VTA!L20,J08_VTA!L20,J09_VTA!L20,J10_VTA!L20,J11_VTA!L20,J12_VTA!L20,J13_VTA!L20) -> 0 | L16: =SUM(--(J01_IDA!M20="SÍ"),--(J02_IDA!M20="SÍ"),--(J03_IDA!M20="SÍ"),--(J04_IDA!M20="SÍ"),--(J05_IDA!M20="SÍ"),--(J06_IDA!M20="SÍ"),--(J07_IDA!M20="SÍ"),--(J08_IDA!M20="SÍ"),--(J09_IDA!M20="SÍ"),--(J10_IDA!M20="SÍ"),--(J11_IDA!M20="SÍ"),--(J12_IDA!M20="SÍ"),--(J13_IDA!M20="SÍ"),--(J01_VTA!M20="SÍ"),--(J02_VTA!M20="SÍ"),--(J03_VTA!M20="SÍ"),--(J04_VTA!M20="SÍ"),--(J05_VTA!M20="SÍ"),--(J06_VTA!M20="SÍ"),--(J07_VTA!M20="SÍ"),--(J08_VTA!M20="SÍ"),--(J09_VTA!M20="SÍ"),--(J10_VTA!M20="SÍ"),--(J11_VTA!M20="SÍ"),--(J12_VTA!M20="SÍ"),--(J13_VTA!M20="SÍ")) -> 0 | M16: =SUM(J01_IDA!I20,J02_IDA!I20,J03_IDA!I20,J04_IDA!I20,J05_IDA!I20,J06_IDA!I20,J07_IDA!I20,J08_IDA!I20,J09_IDA!I20,J10_IDA!I20,J11_IDA!I20,J12_IDA!I20,J13_IDA!I20,J01_VTA!I20,J02_VTA!I20,J03_VTA!I20,J04_VTA!I20,J05_VTA!I20,J06_VTA!I20,J07_VTA!I20,J08_VTA!I20,J09_VTA!I20,J10_VTA!I20,J11_VTA!I20,J12_VTA!I20,J13_VTA!I20) -> 0
A17: 12 | B17: Marta | C17: CENTRAL | D17: =SUM(--(J01_IDA!D21<>"NO CONVOCADA")*--(J01_IDA!D21<>""),--(J02_IDA!D21<>"NO CONVOCADA")*--(J02_IDA!D21<>""),--(J03_IDA!D21<>"NO CONVOCADA")*--(J03_IDA!D21<>""),--(J04_IDA!D21<>"NO CONVOCADA")*--(J04_IDA!D21<>""),--(J05_IDA!D21<>"NO CONVOCADA")*--(J05_IDA!D21<>""),--(J06_IDA!D21<>"NO CONVOCADA")*--(J06_IDA!D21<>""),--(J07_IDA!D21<>"NO CONVOCADA")*--(J07_IDA!D21<>""),--(J08_IDA!D21<>"NO CONVOCADA")*--(J08_IDA!D21<>""),--(J09_IDA!D21<>"NO CONVOCADA")*--(J09_IDA!D21<>""),--(J10_IDA!D21<>"NO CONVOCADA")*--(J10_IDA!D21<>""),--(J11_IDA!D21<>"NO CONVOCADA")*--(J11_IDA!D21<>""),--(J12_IDA!D21<>"NO CONVOCADA")*--(J12_IDA!D21<>""),--(J13_IDA!D21<>"NO CONVOCADA")*--(J13_IDA!D21<>""),--(J01_VTA!D21<>"NO CONVOCADA")*--(J01_VTA!D21<>""),--(J02_VTA!D21<>"NO CONVOCADA")*--(J02_VTA!D21<>""),--(J03_VTA!D21<>"NO CONVOCADA")*--(J03_VTA!D21<>""),--(J04_VTA!D21<>"NO CONVOCADA")*--(J04_VTA!D21<>""),--(J05_VTA!D21<>"NO CONVOCADA")*--(J05_VTA!D21<>""),--(J06_VTA!D21<>"NO CONVOCADA")*--(J06_VTA!D21<>""),--(J07_VTA!D21<>"NO CONVOCADA")*--(J07_VTA!D21<>""),--(J08_VTA!D21<>"NO CONVOCADA")*--(J08_VTA!D21<>""),--(J09_VTA!D21<>"NO CONVOCADA")*--(J09_VTA!D21<>""),--(J10_VTA!D21<>"NO CONVOCADA")*--(J10_VTA!D21<>""),--(J11_VTA!D21<>"NO CONVOCADA")*--(J11_VTA!D21<>""),--(J12_VTA!D21<>"NO CONVOCADA")*--(J12_VTA!D21<>""),--(J13_VTA!D21<>"NO CONVOCADA")*--(J13_VTA!D21<>"")) -> 1 | E17: =SUM(--(J01_IDA!D21="TITULAR"),--(J02_IDA!D21="TITULAR"),--(J03_IDA!D21="TITULAR"),--(J04_IDA!D21="TITULAR"),--(J05_IDA!D21="TITULAR"),--(J06_IDA!D21="TITULAR"),--(J07_IDA!D21="TITULAR"),--(J08_IDA!D21="TITULAR"),--(J09_IDA!D21="TITULAR"),--(J10_IDA!D21="TITULAR"),--(J11_IDA!D21="TITULAR"),--(J12_IDA!D21="TITULAR"),--(J13_IDA!D21="TITULAR"),--(J01_VTA!D21="TITULAR"),--(J02_VTA!D21="TITULAR"),--(J03_VTA!D21="TITULAR"),--(J04_VTA!D21="TITULAR"),--(J05_VTA!D21="TITULAR"),--(J06_VTA!D21="TITULAR"),--(J07_VTA!D21="TITULAR"),--(J08_VTA!D21="TITULAR"),--(J09_VTA!D21="TITULAR"),--(J10_VTA!D21="TITULAR"),--(J11_VTA!D21="TITULAR"),--(J12_VTA!D21="TITULAR"),--(J13_VTA!D21="TITULAR")) -> 0 | F17: =SUM(--(J01_IDA!D21="SUPLENTE"),--(J02_IDA!D21="SUPLENTE"),--(J03_IDA!D21="SUPLENTE"),--(J04_IDA!D21="SUPLENTE"),--(J05_IDA!D21="SUPLENTE"),--(J06_IDA!D21="SUPLENTE"),--(J07_IDA!D21="SUPLENTE"),--(J08_IDA!D21="SUPLENTE"),--(J09_IDA!D21="SUPLENTE"),--(J10_IDA!D21="SUPLENTE"),--(J11_IDA!D21="SUPLENTE"),--(J12_IDA!D21="SUPLENTE"),--(J13_IDA!D21="SUPLENTE"),--(J01_VTA!D21="SUPLENTE"),--(J02_VTA!D21="SUPLENTE"),--(J03_VTA!D21="SUPLENTE"),--(J04_VTA!D21="SUPLENTE"),--(J05_VTA!D21="SUPLENTE"),--(J06_VTA!D21="SUPLENTE"),--(J07_VTA!D21="SUPLENTE"),--(J08_VTA!D21="SUPLENTE"),--(J09_VTA!D21="SUPLENTE"),--(J10_VTA!D21="SUPLENTE"),--(J11_VTA!D21="SUPLENTE"),--(J12_VTA!D21="SUPLENTE"),--(J13_VTA!D21="SUPLENTE")) -> 1 | G17: =SUM(J01_IDA!G21,J02_IDA!G21,J03_IDA!G21,J04_IDA!G21,J05_IDA!G21,J06_IDA!G21,J07_IDA!G21,J08_IDA!G21,J09_IDA!G21,J10_IDA!G21,J11_IDA!G21,J12_IDA!G21,J13_IDA!G21,J01_VTA!G21,J02_VTA!G21,J03_VTA!G21,J04_VTA!G21,J05_VTA!G21,J06_VTA!G21,J07_VTA!G21,J08_VTA!G21,J09_VTA!G21,J10_VTA!G21,J11_VTA!G21,J12_VTA!G21,J13_VTA!G21) -> 45 | H17: =SUM(J01_IDA!H21,J02_IDA!H21,J03_IDA!H21,J04_IDA!H21,J05_IDA!H21,J06_IDA!H21,J07_IDA!H21,J08_IDA!H21,J09_IDA!H21,J10_IDA!H21,J11_IDA!H21,J12_IDA!H21,J13_IDA!H21,J01_VTA!H21,J02_VTA!H21,J03_VTA!H21,J04_VTA!H21,J05_VTA!H21,J06_VTA!H21,J07_VTA!H21,J08_VTA!H21,J09_VTA!H21,J10_VTA!H21,J11_VTA!H21,J12_VTA!H21,J13_VTA!H21) -> 0 | I17: =SUM(J01_IDA!J21,J02_IDA!J21,J03_IDA!J21,J04_IDA!J21,J05_IDA!J21,J06_IDA!J21,J07_IDA!J21,J08_IDA!J21,J09_IDA!J21,J10_IDA!J21,J11_IDA!J21,J12_IDA!J21,J13_IDA!J21,J01_VTA!J21,J02_VTA!J21,J03_VTA!J21,J04_VTA!J21,J05_VTA!J21,J06_VTA!J21,J07_VTA!J21,J08_VTA!J21,J09_VTA!J21,J10_VTA!J21,J11_VTA!J21,J12_VTA!J21,J13_VTA!J21) -> 0 | J17: =SUM(J01_IDA!K21,J02_IDA!K21,J03_IDA!K21,J04_IDA!K21,J05_IDA!K21,J06_IDA!K21,J07_IDA!K21,J08_IDA!K21,J09_IDA!K21,J10_IDA!K21,J11_IDA!K21,J12_IDA!K21,J13_IDA!K21,J01_VTA!K21,J02_VTA!K21,J03_VTA!K21,J04_VTA!K21,J05_VTA!K21,J06_VTA!K21,J07_VTA!K21,J08_VTA!K21,J09_VTA!K21,J10_VTA!K21,J11_VTA!K21,J12_VTA!K21,J13_VTA!K21) -> 0 | K17: =SUM(J01_IDA!L21,J02_IDA!L21,J03_IDA!L21,J04_IDA!L21,J05_IDA!L21,J06_IDA!L21,J07_IDA!L21,J08_IDA!L21,J09_IDA!L21,J10_IDA!L21,J11_IDA!L21,J12_IDA!L21,J13_IDA!L21,J01_VTA!L21,J02_VTA!L21,J03_VTA!L21,J04_VTA!L21,J05_VTA!L21,J06_VTA!L21,J07_VTA!L21,J08_VTA!L21,J09_VTA!L21,J10_VTA!L21,J11_VTA!L21,J12_VTA!L21,J13_VTA!L21) -> 0 | L17: =SUM(--(J01_IDA!M21="SÍ"),--(J02_IDA!M21="SÍ"),--(J03_IDA!M21="SÍ"),--(J04_IDA!M21="SÍ"),--(J05_IDA!M21="SÍ"),--(J06_IDA!M21="SÍ"),--(J07_IDA!M21="SÍ"),--(J08_IDA!M21="SÍ"),--(J09_IDA!M21="SÍ"),--(J10_IDA!M21="SÍ"),--(J11_IDA!M21="SÍ"),--(J12_IDA!M21="SÍ"),--(J13_IDA!M21="SÍ"),--(J01_VTA!M21="SÍ"),--(J02_VTA!M21="SÍ"),--(J03_VTA!M21="SÍ"),--(J04_VTA!M21="SÍ"),--(J05_VTA!M21="SÍ"),--(J06_VTA!M21="SÍ"),--(J07_VTA!M21="SÍ"),--(J08_VTA!M21="SÍ"),--(J09_VTA!M21="SÍ"),--(J10_VTA!M21="SÍ"),--(J11_VTA!M21="SÍ"),--(J12_VTA!M21="SÍ"),--(J13_VTA!M21="SÍ")) -> 0 | M17: =SUM(J01_IDA!I21,J02_IDA!I21,J03_IDA!I21,J04_IDA!I21,J05_IDA!I21,J06_IDA!I21,J07_IDA!I21,J08_IDA!I21,J09_IDA!I21,J10_IDA!I21,J11_IDA!I21,J12_IDA!I21,J13_IDA!I21,J01_VTA!I21,J02_VTA!I21,J03_VTA!I21,J04_VTA!I21,J05_VTA!I21,J06_VTA!I21,J07_VTA!I21,J08_VTA!I21,J09_VTA!I21,J10_VTA!I21,J11_VTA!I21,J12_VTA!I21,J13_VTA!I21) -> 0
... A28: 23 | B28: Paula | C28: M.C. | D28: =SUM(--(J01_IDA!D32<>"NO CONVOCADA")*--(J01_IDA!D32<>""),--(J02_IDA!D32<>"NO CONVOCADA")*--(J02_IDA!D32<>""),--(J03_IDA!D32<>"NO CONVOCADA")*--(J03_IDA!D32<>""),--(J04_IDA!D32<>"NO CONVOCADA")*--(J04_IDA!D32<>""),--(J05_IDA!D32<>"NO CONVOCADA")*--(J05_IDA!D32<>""),--(J06_IDA!D32<>"NO CONVOCADA")*--(J06_IDA!D32<>""),--(J07_IDA!D32<>"NO CONVOCADA")*--(J07_IDA!D32<>""),--(J08_IDA!D32<>"NO CONVOCADA")*--(J08_IDA!D32<>""),--(J09_IDA!D32<>"NO CONVOCADA")*--(J09_IDA!D32<>""),--(J10_IDA!D32<>"NO CONVOCADA")*--(J10_IDA!D32<>""),--(J11_IDA!D32<>"NO CONVOCADA")*--(J11_IDA!D32<>""),--(J12_IDA!D32<>"NO CONVOCADA")*--(J12_IDA!D32<>""),--(J13_IDA!D32<>"NO CONVOCADA")*--(J13_IDA!D32<>""),--(J01_VTA!D32<>"NO CONVOCADA")*--(J01_VTA!D32<>""),--(J02_VTA!D32<>"NO CONVOCADA")*--(J02_VTA!D32<>""),--(J03_VTA!D32<>"NO CONVOCADA")*--(J03_VTA!D32<>""),--(J04_VTA!D32<>"NO CONVOCADA")*--(J04_VTA!D32<>""),--(J05_VTA!D32<>"NO CONVOCADA")*--(J05_VTA!D32<>""),--(J06_VTA!D32<>"NO CONVOCADA")*--(J06_VTA!D32<>""),--(J07_VTA!D32<>"NO CONVOCADA")*--(J07_VTA!D32<>""),--(J08_VTA!D32<>"NO CONVOCADA")*--(J08_VTA!D32<>""),--(J09_VTA!D32<>"NO CONVOCADA")*--(J09_VTA!D32<>""),--(J10_VTA!D32<>"NO CONVOCADA")*--(J10_VTA!D32<>""),--(J11_VTA!D32<>"NO CONVOCADA")*--(J11_VTA!D32<>""),--(J12_VTA!D32<>"NO CONVOCADA")*--(J12_VTA!D32<>""),--(J13_VTA!D32<>"NO CONVOCADA")*--(J13_VTA!D32<>"")) -> 0 | E28: =SUM(--(J01_IDA!D32="TITULAR"),--(J02_IDA!D32="TITULAR"),--(J03_IDA!D32="TITULAR"),--(J04_IDA!D32="TITULAR"),--(J05_IDA!D32="TITULAR"),--(J06_IDA!D32="TITULAR"),--(J07_IDA!D32="TITULAR"),--(J08_IDA!D32="TITULAR"),--(J09_IDA!D32="TITULAR"),--(J10_IDA!D32="TITULAR"),--(J11_IDA!D32="TITULAR"),--(J12_IDA!D32="TITULAR"),--(J13_IDA!D32="TITULAR"),--(J01_VTA!D32="TITULAR"),--(J02_VTA!D32="TITULAR"),--(J03_VTA!D32="TITULAR"),--(J04_VTA!D32="TITULAR"),--(J05_VTA!D32="TITULAR"),--(J06_VTA!D32="TITULAR"),--(J07_VTA!D32="TITULAR"),--(J08_VTA!D32="TITULAR"),--(J09_VTA!D32="TITULAR"),--(J10_VTA!D32="TITULAR"),--(J11_VTA!D32="TITULAR"),--(J12_VTA!D32="TITULAR"),--(J13_VTA!D32="TITULAR")) -> 0 | F28: =SUM(--(J01_IDA!D32="SUPLENTE"),--(J02_IDA!D32="SUPLENTE"),--(J03_IDA!D32="SUPLENTE"),--(J04_IDA!D32="SUPLENTE"),--(J05_IDA!D32="SUPLENTE"),--(J06_IDA!D32="SUPLENTE"),--(J07_IDA!D32="SUPLENTE"),--(J08_IDA!D32="SUPLENTE"),--(J09_IDA!D32="SUPLENTE"),--(J10_IDA!D32="SUPLENTE"),--(J11_IDA!D32="SUPLENTE"),--(J12_IDA!D32="SUPLENTE"),--(J13_IDA!D32="SUPLENTE"),--(J01_VTA!D32="SUPLENTE"),--(J02_VTA!D32="SUPLENTE"),--(J03_VTA!D32="SUPLENTE"),--(J04_VTA!D32="SUPLENTE"),--(J05_VTA!D32="SUPLENTE"),--(J06_VTA!D32="SUPLENTE"),--(J07_VTA!D32="SUPLENTE"),--(J08_VTA!D32="SUPLENTE"),--(J09_VTA!D32="SUPLENTE"),--(J10_VTA!D32="SUPLENTE"),--(J11_VTA!D32="SUPLENTE"),--(J12_VTA!D32="SUPLENTE"),--(J13_VTA!D32="SUPLENTE")) -> 0 | G28: =SUM(J01_IDA!G32,J02_IDA!G32,J03_IDA!G32,J04_IDA!G32,J05_IDA!G32,J06_IDA!G32,J07_IDA!G32,J08_IDA!G32,J09_IDA!G32,J10_IDA!G32,J11_IDA!G32,J12_IDA!G32,J13_IDA!G32,J01_VTA!G32,J02_VTA!G32,J03_VTA!G32,J04_VTA!G32,J05_VTA!G32,J06_VTA!G32,J07_VTA!G32,J08_VTA!G32,J09_VTA!G32,J10_VTA!G32,J11_VTA!G32,J12_VTA!G32,J13_VTA!G32) -> 0 | H28: =SUM(J01_IDA!H32,J02_IDA!H32,J03_IDA!H32,J04_IDA!H32,J05_IDA!H32,J06_IDA!H32,J07_IDA!H32,J08_IDA!H32,J09_IDA!H32,J10_IDA!H32,J11_IDA!H32,J12_IDA!H32,J13_IDA!H32,J01_VTA!H32,J02_VTA!H32,J03_VTA!H32,J04_VTA!H32,J05_VTA!H32,J06_VTA!H32,J07_VTA!H32,J08_VTA!H32,J09_VTA!H32,J10_VTA!H32,J11_VTA!H32,J12_VTA!H32,J13_VTA!H32) -> 0 | I28: =SUM(J01_IDA!J32,J02_IDA!J32,J03_IDA!J32,J04_IDA!J32,J05_IDA!J32,J06_IDA!J32,J07_IDA!J32,J08_IDA!J32,J09_IDA!J32,J10_IDA!J32,J11_IDA!J32,J12_IDA!J32,J13_IDA!J32,J01_VTA!J32,J02_VTA!J32,J03_VTA!J32,J04_VTA!J32,J05_VTA!J32,J06_VTA!J32,J07_VTA!J32,J08_VTA!J32,J09_VTA!J32,J10_VTA!J32,J11_VTA!J32,J12_VTA!J32,J13_VTA!J32) -> 0 | J28: =SUM(J01_IDA!K32,J02_IDA!K32,J03_IDA!K32,J04_IDA!K32,J05_IDA!K32,J06_IDA!K32,J07_IDA!K32,J08_IDA!K32,J09_IDA!K32,J10_IDA!K32,J11_IDA!K32,J12_IDA!K32,J13_IDA!K32,J01_VTA!K32,J02_VTA!K32,J03_VTA!K32,J04_VTA!K32,J05_VTA!K32,J06_VTA!K32,J07_VTA!K32,J08_VTA!K32,J09_VTA!K32,J10_VTA!K32,J11_VTA!K32,J12_VTA!K32,J13_VTA!K32) -> 0 | K28: =SUM(J01_IDA!L32,J02_IDA!L32,J03_IDA!L32,J04_IDA!L32,J05_IDA!L32,J06_IDA!L32,J07_IDA!L32,J08_IDA!L32,J09_IDA!L32,J10_IDA!L32,J11_IDA!L32,J12_IDA!L32,J13_IDA!L32,J01_VTA!L32,J02_VTA!L32,J03_VTA!L32,J04_VTA!L32,J05_VTA!L32,J06_VTA!L32,J07_VTA!L32,J08_VTA!L32,J09_VTA!L32,J10_VTA!L32,J11_VTA!L32,J12_VTA!L32,J13_VTA!L32) -> 0 | L28: =SUM(--(J01_IDA!M32="SÍ"),--(J02_IDA!M32="SÍ"),--(J03_IDA!M32="SÍ"),--(J04_IDA!M32="SÍ"),--(J05_IDA!M32="SÍ"),--(J06_IDA!M32="SÍ"),--(J07_IDA!M32="SÍ"),--(J08_IDA!M32="SÍ"),--(J09_IDA!M32="SÍ"),--(J10_IDA!M32="SÍ"),--(J11_IDA!M32="SÍ"),--(J12_IDA!M32="SÍ"),--(J13_IDA!M32="SÍ"),--(J01_VTA!M32="SÍ"),--(J02_VTA!M32="SÍ"),--(J03_VTA!M32="SÍ"),--(J04_VTA!M32="SÍ"),--(J05_VTA!M32="SÍ"),--(J06_VTA!M32="SÍ"),--(J07_VTA!M32="SÍ"),--(J08_VTA!M32="SÍ"),--(J09_VTA!M32="SÍ"),--(J10_VTA!M32="SÍ"),--(J11_VTA!M32="SÍ"),--(J12_VTA!M32="SÍ"),--(J13_VTA!M32="SÍ")) -> 0 | M28: =SUM(J01_IDA!I32,J02_IDA!I32,J03_IDA!I32,J04_IDA!I32,J05_IDA!I32,J06_IDA!I32,J07_IDA!I32,J08_IDA!I32,J09_IDA!I32,J10_IDA!I32,J11_IDA!I32,J12_IDA!I32,J13_IDA!I32,J01_VTA!I32,J02_VTA!I32,J03_VTA!I32,J04_VTA!I32,J05_VTA!I32,J06_VTA!I32,J07_VTA!I32,J08_VTA!I32,J09_VTA!I32,J10_VTA!I32,J11_VTA!I32,J12_VTA!I32,J13_VTA!I32) -> 0

Sheet Calendario
A1: CÁDIZ CF · CALENDARIO 2026/2027
A2: Calendario, resultados y vínculo con el registro individual de goles
A4: FASE | B4: JORNADA | C4: FECHA | D4: DÍA | E4: EQUIPO LOCAL | F4: EQUIPO VISITANTE | G4: CAMPO | H4: HORA | I4: ID PARTIDO | J4: GF CÁDIZ | K4: GC CÁDIZ | L4: GOLES LOCAL | M4: GOLES VISITANTE | N4: RESULTADO | O4: PTS CÁDIZ | P4: HOJA PARTIDO
A5: IDA | B5: 1 | C5: 46284 | D5: Sábado | E5: C.F. MVRGI | F5: CÁDIZ | G5: EL EJIDO | H5: 0.66666667 | I5: 20260919-01 | J5: =IF(TODAY()<C5,"",COUNTIF(J01_IDA!$A$38:$A$45,"A FAVOR")) -> 2 | K5: =IF(TODAY()<C5,"",COUNTIF(J01_IDA!$A$38:$A$45,"EN CONTRA")) -> 1 | L5: =IF(TODAY()<C5,"",IF(E5="CÁDIZ",J5,K5)) -> 1 | M5: =IF(TODAY()<C5,"",IF(F5="CÁDIZ",J5,K5)) -> 2 | N5: =IF(TODAY()<C5,"",L5&" - "&M5) -> 1 - 2 | O5: =IF(TODAY()<C5,"",IF(J5>K5,3,IF(J5=K5,1,0))) -> 3 | P5: Abrir jornada
A6: IDA | B6: 2 | C6: 46291 | D6: Sábado | E6: CÁDIZ | F6: SAN ROQUE BALOMPIÉ | G6: EL ROSAL | H6: 0.5 | I6: 20260926-02 | J6: =IF(TODAY()<C6,"",COUNTIF(J02_IDA!$A$38:$A$45,"A FAVOR")) -> 0 | K6: =IF(TODAY()<C6,"",COUNTIF(J02_IDA!$A$38:$A$45,"EN CONTRA")) -> 0 | L6: =IF(TODAY()<C6,"",IF(E6="CÁDIZ",J6,K6)) -> 0 | M6: =IF(TODAY()<C6,"",IF(F6="CÁDIZ",J6,K6)) -> 0 | N6: =IF(TODAY()<C6,"",L6&" - "&M6) -> 0 - 0 | O6: =IF(TODAY()<C6,"",IF(J6>K6,3,IF(J6=K6,1,0))) -> 1 | P6: Abrir jornada
A7: IDA | B7: 3 | C7: 46299 | D7: Domingo | E7: SEVILLA FC. SAD | F7: CÁDIZ | G7: DOS HERMANAS | H7: PTE | I7: 20261004-03 | J7: =IF(TODAY()<C7,"",COUNTIF(J03_IDA!$A$38:$A$45,"A FAVOR")) | K7: =IF(TODAY()<C7,"",COUNTIF(J03_IDA!$A$38:$A$45,"EN CONTRA")) | L7: =IF(TODAY()<C7,"",IF(E7="CÁDIZ",J7,K7)) | M7: =IF(TODAY()<C7,"",IF(F7="CÁDIZ",J7,K7)) | N7: =IF(TODAY()<C7,"",L7&" - "&M7) | O7: =IF(TODAY()<C7,"",IF(J7>K7,3,IF(J7=K7,1,0))) | P7: Abrir jornada
A8: IDA | B8: 4 | C8: 46313 | D8: Domingo | E8: CÁDIZ | F8: CÓRDOBA CF. | G8: EL ROSAL | H8: PTE | I8: 20261018-04 | J8: =IF(TODAY()<C8,"",COUNTIF(J04_IDA!$A$38:$A$45,"A FAVOR")) | K8: =IF(TODAY()<C8,"",COUNTIF(J04_IDA!$A$38:$A$45,"EN CONTRA")) | L8: =IF(TODAY()<C8,"",IF(E8="CÁDIZ",J8,K8)) | M8: =IF(TODAY()<C8,"",IF(F8="CÁDIZ",J8,K8)) | N8: =IF(TODAY()<C8,"",L8&" - "&M8) | O8: =IF(TODAY()<C8,"",IF(J8>K8,3,IF(J8=K8,1,0))) | P8: Abrir jornada
A9: IDA | B9: 5 | C9: 46320 | D9: Domingo | E9: BETIS BALOMPIÉ | F9: CÁDIZ | G9: DOS HERMANAS | H9: PTE | I9: 20261025-05 | J9: =IF(TODAY()<C9,"",COUNTIF(J05_IDA!$A$38:$A$45,"A FAVOR")) | K9: =IF(TODAY()<C9,"",COUNTIF(J05_IDA!$A$38:$A$45,"EN CONTRA")) | L9: =IF(TODAY()<C9,"",IF(E9="CÁDIZ",J9,K9)) | M9: =IF(TODAY()<C9,"",IF(F9="CÁDIZ",J9,K9)) | N9: =IF(TODAY()<C9,"",L9&" - "&M9) | O9: =IF(TODAY()<C9,"",IF(J9>K9,3,IF(J9=K9,1,0))) | P9: Abrir jornada
A10: IDA | B10: 6 | C10: 46334 | D10: Domingo | E10: CÁDIZ | F10: MÁLAGA CF SAD | G10: EL ROSAL | H10: PTE | I10: 20261108-06 | J10: =IF(TODAY()<C10,"",COUNTIF(J06_IDA!$A$38:$A$45,"A FAVOR")) | K10: =IF(TODAY()<C10,"",COUNTIF(J06_IDA!$A$38:$A$45,"EN CONTRA")) | L10: =IF(TODAY()<C10,"",IF(E10="CÁDIZ",J10,K10)) | M10: =IF(TODAY()<C10,"",IF(F10="CÁDIZ",J10,K10)) | N10: =IF(TODAY()<C10,"",L10&" - "&M10) | O10: =IF(TODAY()<C10,"",IF(J10>K10,3,IF(J10=K10,1,0))) | P10: Abrir jornada
A11: IDA | B11: 7 | C11: 46341 | D11: Domingo | E11: GRANADA CF SAD | F11: CÁDIZ | G11: GRANADA | H11: PTE | I11: 20261115-07 | J11: =IF(TODAY()<C11,"",COUNTIF(J07_IDA!$A$38:$A$45,"A FAVOR")) | K11: =IF(TODAY()<C11,"",COUNTIF(J07_IDA!$A$38:$A$45,"EN CONTRA")) | L11: =IF(TODAY()<C11,"",IF(E11="CÁDIZ",J11,K11)) | M11: =IF(TODAY()<C11,"",IF(F11="CÁDIZ",J11,K11)) | N11: =IF(TODAY()<C11,"",L11&" - "&M11) | O11: =IF(TODAY()<C11,"",IF(J11>K11,3,IF(J11=K11,1,0))) | P11: Abrir jornada
A12: IDA | B12: 8 | C12: 46348 | D12: Domingo | E12: CÁDIZ | F12: REAL JAÉN CF SAD | G12: EL ROSAL | H12: PTE | I12: 20261122-08 | J12: =IF(TODAY()<C12,"",COUNTIF(J08_IDA!$A$38:$A$45,"A FAVOR")) | K12: =IF(TODAY()<C12,"",COUNTIF(J08_IDA!$A$38:$A$45,"EN CONTRA")) | L12: =IF(TODAY()<C12,"",IF(E12="CÁDIZ",J12,K12)) | M12: =IF(TODAY()<C12,"",IF(F12="CÁDIZ",J12,K12)) | N12: =IF(TODAY()<C12,"",L12&" - "&M12) | O12: =IF(TODAY()<C12,"",IF(J12>K12,3,IF(J12=K12,1,0))) | P12: Abrir jornada
A13: IDA | B13: 9 | C13: 46355 | D13: Domingo | E13: UD ALMERÍA SAD | F13: CÁDIZ | G13: ALMERÍA | H13: PTE | I13: 20261129-09 | J13: =IF(TODAY()<C13,"",COUNTIF(J09_IDA!$A$38:$A$45,"A FAVOR")) | K13: =IF(TODAY()<C13,"",COUNTIF(J09_IDA!$A$38:$A$45,"EN CONTRA")) | L13: =IF(TODAY()<C13,"",IF(E13="CÁDIZ",J13,K13)) | M13: =IF(TODAY()<C13,"",IF(F13="CÁDIZ",J13,K13)) | N13: =IF(TODAY()<C13,"",L13&" - "&M13) | O13: =IF(TODAY()<C13,"",IF(J13>K13,3,IF(J13=K13,1,0))) | P13: Abrir jornada
A14: IDA | B14: 10 | C14: 46362 | D14: Domingo | E14: CÁDIZ | F14: XEREZ FÉMINAS | G14: EL ROSAL | H14: PTE | I14: 20261206-10 | J14: =IF(TODAY()<C14,"",COUNTIF(J10_IDA!$A$38:$A$45,"A FAVOR")) | K14: =IF(TODAY()<C14,"",COUNTIF(J10_IDA!$A$38:$A$45,"EN CONTRA")) | L14: =IF(TODAY()<C14,"",IF(E14="CÁDIZ",J14,K14)) | M14: =IF(TODAY()<C14,"",IF(F14="CÁDIZ",J14,K14)) | N14: =IF(TODAY()<C14,"",L14&" - "&M14) | O14: =IF(TODAY()<C14,"",IF(J14>K14,3,IF(J14=K14,1,0))) | P14: Abrir jornada
A15: IDA | B15: 11 | C15: 46376 | D15: Domingo | E15: SECCIÓN DEPORTIVA FUNDACIÓN MCF | F15: CÁDIZ | G15: MÁLAGA | H15: PTE | I15: 20261220-11 | J15: =IF(TODAY()<C15,"",COUNTIF(J11_IDA!$A$38:$A$45,"A FAVOR")) | K15: =IF(TODAY()<C15,"",COUNTIF(J11_IDA!$A$38:$A$45,"EN CONTRA")) | L15: =IF(TODAY()<C15,"",IF(E15="CÁDIZ",J15,K15)) | M15: =IF(TODAY()<C15,"",IF(F15="CÁDIZ",J15,K15)) | N15: =IF(TODAY()<C15,"",L15&" - "&M15) | O15: =IF(TODAY()<C15,"",IF(J15>K15,3,IF(J15=K15,1,0))) | P15: Abrir jornada
A16: IDA | B16: 12 | C16: 46397 | D16: Domingo | E16: CÁDIZ | F16: ARENAS DE ARMILLA | G16: EL ROSAL | H16: PTE | I16: 20270110-12 | J16: =IF(TODAY()<C16,"",COUNTIF(J12_IDA!$A$38:$A$45,"A FAVOR")) | K16: =IF(TODAY()<C16,"",COUNTIF(J12_IDA!$A$38:$A$45,"EN CONTRA")) | L16: =IF(TODAY()<C16,"",IF(E16="CÁDIZ",J16,K16)) | M16: =IF(TODAY()<C16,"",IF(F16="CÁDIZ",J16,K16)) | N16: =IF(TODAY()<C16,"",L16&" - "&M16) | O16: =IF(TODAY()<C16,"",IF(J16>K16,3,IF(J16=K16,1,0))) | P16: Abrir jornada
A17: IDA | B17: 13 | C17: 46404 | D17: Domingo | E17: CD. SPORTING CLUB | F17: CÁDIZ | G17: HUELVA | H17: PTE | I17: 20270117-13 | J17: =IF(TODAY()<C17,"",COUNTIF(J13_IDA!$A$38:$A$45,"A FAVOR")) | K17: =IF(TODAY()<C17,"",COUNTIF(J13_IDA!$A$38:$A$45,"EN CONTRA")) | L17: =IF(TODAY()<C17,"",IF(E17="CÁDIZ",J17,K17)) | M17: =IF(TODAY()<C17,"",IF(F17="CÁDIZ",J17,K17)) | N17: =IF(TODAY()<C17,"",L17&" - "&M17) | O17: =IF(TODAY()<C17,"",IF(J17>K17,3,IF(J17=K17,1,0))) | P17: Abrir jornada
A18: VUELTA | B18: 1 | C18: 46411 | D18: Domingo | E18: CÁDIZ | F18: C.F. MVRGI | G18: EL ROSAL | H18: PTE | I18: 20270124-14 | J18: =IF(TODAY()<C18,"",COUNTIF(J01_VTA!$A$38:$A$45,"A FAVOR")) | K18: =IF(TODAY()<C18,"",COUNTIF(J01_VTA!$A$38:$A$45,"EN CONTRA")) | L18: =IF(TODAY()<C18,"",IF(E18="CÁDIZ",J18,K18)) | M18: =IF(TODAY()<C18,"",IF(F18="CÁDIZ",J18,K18)) | N18: =IF(TODAY()<C18,"",L18&" - "&M18) | O18: =IF(TODAY()<C18,"",IF(J18>K18,3,IF(J18=K18,1,0))) | P18: Abrir jornada
A19: VUELTA | B19: 2 | C19: 46418 | D19: Domingo | E19: SAN ROQUE BALOMPIÉ | F19: CÁDIZ | G19: SEVILLA | H19: PTE | I19: 20270131-15 | J19: =IF(TODAY()<C19,"",COUNTIF(J02_VTA!$A$38:$A$45,"A FAVOR")) | K19: =IF(TODAY()<C19,"",COUNTIF(J02_VTA!$A$38:$A$45,"EN CONTRA")) | L19: =IF(TODAY()<C19,"",IF(E19="CÁDIZ",J19,K19)) | M19: =IF(TODAY()<C19,"",IF(F19="CÁDIZ",J19,K19)) | N19: =IF(TODAY()<C19,"",L19&" - "&M19) | O19: =IF(TODAY()<C19,"",IF(J19>K19,3,IF(J19=K19,1,0))) | P19: Abrir jornada
A20: VUELTA | B20: 3 | C20: 46432 | D20: Domingo | E20: CÁDIZ | F20: SEVILLA FC. SAD | G20: EL ROSAL | H20: PTE | I20: 20270214-16 | J20: =IF(TODAY()<C20,"",COUNTIF(J03_VTA!$A$38:$A$45,"A FAVOR")) | K20: =IF(TODAY()<C20,"",COUNTIF(J03_VTA!$A$38:$A$45,"EN CONTRA")) | L20: =IF(TODAY()<C20,"",IF(E20="CÁDIZ",J20,K20)) | M20: =IF(TODAY()<C20,"",IF(F20="CÁDIZ",J20,K20)) | N20: =IF(TODAY()<C20,"",L20&" - "&M20) | O20: =IF(TODAY()<C20,"",IF(J20>K20,3,IF(J20=K20,1,0))) | P20: Abrir jornada
A21: VUELTA | B21: 4 | C21: 46446 | D21: Domingo | E21: CÓRDOBA CF. | F21: CÁDIZ | G21: CÓRDOBA | H21: PTE | I21: 20270228-17 | J21: =IF(TODAY()<C21,"",COUNTIF(J04_VTA!$A$38:$A$45,"A FAVOR")) | K21: =IF(TODAY()<C21,"",COUNTIF(J04_VTA!$A$38:$A$45,"EN CONTRA")) | L21: =IF(TODAY()<C21,"",IF(E21="CÁDIZ",J21,K21)) | M21: =IF(TODAY()<C21,"",IF(F21="CÁDIZ",J21,K21)) | N21: =IF(TODAY()<C21,"",L21&" - "&M21) | O21: =IF(TODAY()<C21,"",IF(J21>K21,3,IF(J21=K21,1,0))) | P21: Abrir jornada
A22: VUELTA | B22: 5 | C22: 46453 | D22: Domingo | E22: CÁDIZ | F22: BETIS BALOMPIÉ | G22: EL ROSAL | H22: PTE | I22: 20270307-18 | J22: =IF(TODAY()<C22,"",COUNTIF(J05_VTA!$A$38:$A$45,"A FAVOR")) | K22: =IF(TODAY()<C22,"",COUNTIF(J05_VTA!$A$38:$A$45,"EN CONTRA")) | L22: =IF(TODAY()<C22,"",IF(E22="CÁDIZ",J22,K22)) | M22: =IF(TODAY()<C22,"",IF(F22="CÁDIZ",J22,K22)) | N22: =IF(TODAY()<C22,"",L22&" - "&M22) | O22: =IF(TODAY()<C22,"",IF(J22>K22,3,IF(J22=K22,1,0))) | P22: Abrir jornada
A23: VUELTA | B23: 6 | C23: 46460 | D23: Domingo | E23: MÁLAGA CF SAD | F23: CÁDIZ | G23: MÁLAGA | H23: PTE | I23: 20270314-19 | J23: =IF(TODAY()<C23,"",COUNTIF(J06_VTA!$A$38:$A$45,"A FAVOR")) | K23: =IF(TODAY()<C23,"",COUNTIF(J06_VTA!$A$38:$A$45,"EN CONTRA")) | L23: =IF(TODAY()<C23,"",IF(E23="CÁDIZ",J23,K23)) | M23: =IF(TODAY()<C23,"",IF(F23="CÁDIZ",J23,K23)) | N23: =IF(TODAY()<C23,"",L23&" - "&M23) | O23: =IF(TODAY()<C23,"",IF(J23>K23,3,IF(J23=K23,1,0))) | P23: Abrir jornada
A24: VUELTA | B24: 7 | C24: 46481 | D24: Domingo | E24: CÁDIZ | F24: GRANADA CF SAD | G24: EL ROSAL | H24: PTE | I24: 20270404-20 | J24: =IF(TODAY()<C24,"",COUNTIF(J07_VTA!$A$38:$A$45,"A FAVOR")) | K24: =IF(TODAY()<C24,"",COUNTIF(J07_VTA!$A$38:$A$45,"EN CONTRA")) | L24: =IF(TODAY()<C24,"",IF(E24="CÁDIZ",J24,K24)) | M24: =IF(TODAY()<C24,"",IF(F24="CÁDIZ",J24,K24)) | N24: =IF(TODAY()<C24,"",L24&" - "&M24) | O24: =IF(TODAY()<C24,"",IF(J24>K24,3,IF(J24=K24,1,0))) | P24: Abrir jornada
A25: VUELTA | B25: 8 | C25: 46488 | D25: Domingo | E25: REAL JAÉN CF SAD | F25: CÁDIZ | G25: JAÉN | H25: PTE | I25: 20270411-21 | J25: =IF(TODAY()<C25,"",COUNTIF(J08_VTA!$A$38:$A$45,"A FAVOR")) | K25: =IF(TODAY()<C25,"",COUNTIF(J08_VTA!$A$38:$A$45,"EN CONTRA")) | L25: =IF(TODAY()<C25,"",IF(E25="CÁDIZ",J25,K25)) | M25: =IF(TODAY()<C25,"",IF(F25="CÁDIZ",J25,K25)) | N25: =IF(TODAY()<C25,"",L25&" - "&M25) | O25: =IF(TODAY()<C25,"",IF(J25>K25,3,IF(J25=K25,1,0))) | P25: Abrir jornada
A26: VUELTA | B26: 9 | C26: 46495 | D26: Domingo | E26: CÁDIZ | F26: UD ALMERÍA SAD | G26: EL ROSAL | H26: PTE | I26: 20270418-22 | J26: =IF(TODAY()<C26,"",COUNTIF(J09_VTA!$A$38:$A$45,"A FAVOR")) | K26: =IF(TODAY()<C26,"",COUNTIF(J09_VTA!$A$38:$A$45,"EN CONTRA")) | L26: =IF(TODAY()<C26,"",IF(E26="CÁDIZ",J26,K26)) | M26: =IF(TODAY()<C26,"",IF(F26="CÁDIZ",J26,K26)) | N26: =IF(TODAY()<C26,"",L26&" - "&M26) | O26: =IF(TODAY()<C26,"",IF(J26>K26,3,IF(J26=K26,1,0))) | P26: Abrir jornada
A27: VUELTA | B27: 10 | C27: 46502 | D27: Domingo | E27: XEREZ FÉMINAS | F27: CÁDIZ | G27: JEREZ | H27: PTE | I27: 20270425-23 | J27: =IF(TODAY()<C27,"",COUNTIF(J10_VTA!$A$38:$A$45,"A FAVOR")) | K27: =IF(TODAY()<C27,"",COUNTIF(J10_VTA!$A$38:$A$45,"EN CONTRA")) | L27: =IF(TODAY()<C27,"",IF(E27="CÁDIZ",J27,K27)) | M27: =IF(TODAY()<C27,"",IF(F27="CÁDIZ",J27,K27)) | N27: =IF(TODAY()<C27,"",L27&" - "&M27) | O27: =IF(TODAY()<C27,"",IF(J27>K27,3,IF(J27=K27,1,0))) | P27: Abrir jornada
A28: VUELTA | B28: 11 | C28: 46509 | D28: Domingo | E28: CÁDIZ | F28: SECCIÓN DEPORTIVA FUNDACIÓN MCF | G28: EL ROSAL | H28: PTE | I28: 20270502-24 | J28: =IF(TODAY()<C28,"",COUNTIF(J11_VTA!$A$38:$A$45,"A FAVOR")) | K28: =IF(TODAY()<C28,"",COUNTIF(J11_VTA!$A$38:$A$45,"EN CONTRA")) | L28: =IF(TODAY()<C28,"",IF(E28="CÁDIZ",J28,K28)) | M28: =IF(TODAY()<C28,"",IF(F28="CÁDIZ",J28,K28)) | N28: =IF(TODAY()<C28,"",L28&" - "&M28) | O28: =IF(TODAY()<C28,"",IF(J28>K28,3,IF(J28=K28,1,0))) | P28: Abrir jornada
A29: VUELTA | B29: 12 | C29: 46516 | D29: Domingo | E29: ARENAS DE ARMILLA | F29: CÁDIZ | G29: ARMILLA (GRANADA) | H29: PTE | I29: 20270509-25 | J29: =IF(TODAY()<C29,"",COUNTIF(J12_VTA!$A$38:$A$45,"A FAVOR")) | K29: =IF(TODAY()<C29,"",COUNTIF(J12_VTA!$A$38:$A$45,"EN CONTRA")) | L29: =IF(TODAY()<C29,"",IF(E29="CÁDIZ",J29,K29)) | M29: =IF(TODAY()<C29,"",IF(F29="CÁDIZ",J29,K29)) | N29: =IF(TODAY()<C29,"",L29&" - "&M29) | O29: =IF(TODAY()<C29,"",IF(J29>K29,3,IF(J29=K29,1,0))) | P29: Abrir jornada
A30: VUELTA | B30: 13 | C30: 46523 | D30: Domingo | E30: CÁDIZ | F30: CD. SPORTING CLUB | G30: EL ROSAL | H30: PTE | I30: 20270516-26 | J30: =IF(TODAY()<C30,"",COUNTIF(J13_VTA!$A$38:$A$45,"A FAVOR")) | K30: =IF(TODAY()<C30,"",COUNTIF(J13_VTA!$A$38:$A$45,"EN CONTRA")) | L30: =IF(TODAY()<C30,"",IF(E30="CÁDIZ",J30,K30)) | M30: =IF(TODAY()<C30,"",IF(F30="CÁDIZ",J30,K30)) | N30: =IF(TODAY()<C30,"",L30&" - "&M30) | O30: =IF(TODAY()<C30,"",IF(J30>K30,3,IF(J30=K30,1,0))) | P30: Abrir jornada
O31: =SUBTOTAL(109,CalendarioCadiz[PTS CÁDIZ]) -> 4

Sheet Clasificación
A1: CLASIFICACIÓN · TEMPORADA 2026/2027
A2: Se actualiza con los goles registrados. Clasificación parcial basada en los partidos del calendario incluidos.
A4: POS | B4: EQUIPO | C4: PJ | D4: PG | E4: PE | F4: PP | G4: GF | H4: GC | I4: DG | J4: PTS
A5: =1+SUMPRODUCT(($J$5:$J$18>J5)*1)+SUMPRODUCT(($J$5:$J$18=J5)*($I$5:$I$18>I5)*1)+SUMPRODUCT(($J$5:$J$18=J5)*($I$5:$I$18=I5)*($G$5:$G$18>G5)*1) -> 1 | B5: S.A.D. Sevilla F.C. | C5: 2 | D5: 2 | E5: 0 | F5: 0 | G5: 11 | H5: 0 | I5: 11 | J5: 6
A6: =1+SUMPRODUCT(($J$5:$J$18>J6)*1)+SUMPRODUCT(($J$5:$J$18=J6)*($I$5:$I$18>I6)*1)+SUMPRODUCT(($J$5:$J$18=J6)*($I$5:$I$18=I6)*($G$5:$G$18>G6)*1) -> 2 | B6: Fundación Real Betis | C6: 2 | D6: 2 | E6: 0 | F6: 0 | G6: 10 | H6: 0 | I6: 10 | J6: 6
A7: =1+SUMPRODUCT(($J$5:$J$18>J7)*1)+SUMPRODUCT(($J$5:$J$18=J7)*($I$5:$I$18>I7)*1)+SUMPRODUCT(($J$5:$J$18=J7)*($I$5:$I$18=I7)*($G$5:$G$18>G7)*1) -> 3 | B7: San Roque Balompié | C7: 2 | D7: 1 | E7: 1 | F7: 0 | G7: 5 | H7: 2 | I7: 3 | J7: 4
A8: =1+SUMPRODUCT(($J$5:$J$18>J8)*1)+SUMPRODUCT(($J$5:$J$18=J8)*($I$5:$I$18>I8)*1)+SUMPRODUCT(($J$5:$J$18=J8)*($I$5:$I$18=I8)*($G$5:$G$18>G8)*1) -> 7 | B8: Córdoba C.F. | C8: 2 | D8: 1 | E8: 0 | F8: 1 | G8: 5 | H8: 3 | I8: 2 | J8: 3
A9: =1+SUMPRODUCT(($J$5:$J$18>J9)*1)+SUMPRODUCT(($J$5:$J$18=J9)*($I$5:$I$18>I9)*1)+SUMPRODUCT(($J$5:$J$18=J9)*($I$5:$I$18=I9)*($G$5:$G$18>G9)*1) -> 6 | B9: CÁDIZ | C9: =SUM(D9:F9) -> 2 | D9: =SUMPRODUCT((Calendario!$E$5:$E$30=B9)*(Calendario!$L$5:$L$30>Calendario!$M$5:$M$30))+SUMPRODUCT((Calendario!$F$5:$F$30=B9)*(Calendario!$M$5:$M$30>Calendario!$L$5:$L$30)) -> 1 | E9: =SUMPRODUCT(((Calendario!$E$5:$E$30=B9)+(Calendario!$F$5:$F$30=B9))*(Calendario!$N$5:$N$30<>"")*(Calendario!$L$5:$L$30=Calendario!$M$5:$M$30)) -> 1 | F9: {=SUMPRODUCT((Calendario!$E$5:$E$30=B9)*(Calendario!$L$5:$L$30<Calendario!$M$5:$M$30))+SUMPRODUCT((Calendario!$F$5:$F$30=B9)*(Calendario!$M$5:$M$30<Calendario!$L$5:$L$30))} -> 0 | G9: =SUMIF(Calendario!$E$5:$E$30,B9,Calendario!$L$5:$L$30)+SUMIF(Calendario!$F$5:$F$30,B9,Calendario!$M$5:$M$30) -> 2 | H9: =SUMIF(Calendario!$E$5:$E$30,B9,Calendario!$M$5:$M$30)+SUMIF(Calendario!$F$5:$F$30,B9,Calendario!$L$5:$L$30) -> 1 | I9: =G9-H9 -> 1 | J9: =D9*3+E9 -> 4
A10: =1+SUMPRODUCT(($J$5:$J$18>J10)*1)+SUMPRODUCT(($J$5:$J$18=J10)*($I$5:$I$18>I10)*1)+SUMPRODUCT(($J$5:$J$18=J10)*($I$5:$I$18=I10)*($G$5:$G$18>G10)*1) -> 4 | B10: U.D. Almería | C10: 2 | D10: 1 | E10: 1 | F10: 0 | G10: 4 | H10: 1 | I10: 3 | J10: 4
A11: =1+SUMPRODUCT(($J$5:$J$18>J11)*1)+SUMPRODUCT(($J$5:$J$18=J11)*($I$5:$I$18>I11)*1)+SUMPRODUCT(($J$5:$J$18=J11)*($I$5:$I$18=I11)*($G$5:$G$18>G11)*1) -> 5 | B11: Málaga C.F. | C11: 2 | D11: 1 | E11: 1 | F11: 0 | G11: 5 | H11: 3 | I11: 2 | J11: 4
A12: =1+SUMPRODUCT(($J$5:$J$18>J12)*1)+SUMPRODUCT(($J$5:$J$18=J12)*($I$5:$I$18>I12)*1)+SUMPRODUCT(($J$5:$J$18=J12)*($I$5:$I$18=I12)*($G$5:$G$18>G12)*1) -> 9 | B12: Granada C.F. | C12: 2 | D12: 1 | E12: 0 | F12: 1 | G12: 3 | H12: 5 | I12: -2 | J12: 3
A13: =1+SUMPRODUCT(($J$5:$J$18>J13)*1)+SUMPRODUCT(($J$5:$J$18=J13)*($I$5:$I$18>I13)*1)+SUMPRODUCT(($J$5:$J$18=J13)*($I$5:$I$18=I13)*($G$5:$G$18>G13)*1) -> 8 | B13: Real Jaén C.F. | C13: 2 | D13: 1 | E13: 0 | F13: 1 | G13: 2 | H13: 2 | I13: 0 | J13: 3
A14: =1+SUMPRODUCT(($J$5:$J$18>J14)*1)+SUMPRODUCT(($J$5:$J$18=J14)*($I$5:$I$18>I14)*1)+SUMPRODUCT(($J$5:$J$18=J14)*($I$5:$I$18=I14)*($G$5:$G$18>G14)*1) -> 11 | B14: C.F. Femenino MVRGI | C14: 2 | D14: 0 | E14: 0 | F14: 2 | G14: 1 | H14: 3 | I14: -2 | J14: 0
A15: =1+SUMPRODUCT(($J$5:$J$18>J15)*1)+SUMPRODUCT(($J$5:$J$18=J15)*($I$5:$I$18>I15)*1)+SUMPRODUCT(($J$5:$J$18=J15)*($I$5:$I$18=I15)*($G$5:$G$18>G15)*1) -> 14 | B15: Fundación Málaga | C15: 2 | D15: 0 | E15: 0 | F15: 2 | G15: 1 | H15: 10 | I15: -9 | J15: 0
A16: =1+SUMPRODUCT(($J$5:$J$18>J16)*1)+SUMPRODUCT(($J$5:$J$18=J16)*($I$5:$I$18>I16)*1)+SUMPRODUCT(($J$5:$J$18=J16)*($I$5:$I$18=I16)*($G$5:$G$18>G16)*1) -> 13 | B16: Sporting de Huelva | C16: 2 | D16: 0 | E16: 0 | F16: 2 | G16: 1 | H16: 7 | I16: -6 | J16: 0
A17: =1+SUMPRODUCT(($J$5:$J$18>J17)*1)+SUMPRODUCT(($J$5:$J$18=J17)*($I$5:$I$18>I17)*1)+SUMPRODUCT(($J$5:$J$18=J17)*($I$5:$I$18=I17)*($G$5:$G$18>G17)*1) -> 12 | B17: Xerez Féminas F.C. | C17: 2 | D17: 0 | E17: 0 | F17: 2 | G17: 3 | H17: 9 | I17: -6 | J17: 0
A18: =1+SUMPRODUCT(($J$5:$J$18>J18)*1)+SUMPRODUCT(($J$5:$J$18=J18)*($I$5:$I$18>I18)*1)+SUMPRODUCT(($J$5:$J$18=J18)*($I$5:$I$18=I18)*($G$5:$G$18>G18)*1) -> 10 | B18: Arenas de Armilla | C18: 2 | D18: 1 | E18: 0 | F18: 1 | G18: 2 | H18: 9 | I18: -7 | J18: 3

Sheet Resumen
A1: CÁDIZ C.F. · DASHBOARD Y PIZARRA TÁCTICA 2026/2027
A2: Las 23 fichas con fotografía son objetos móviles: arrástralas sobre el campo para preparar alineaciones y movimientos.
J3: PIZARRA TÁCTICA · CAMPO | U3: BANQUILLO · FICHAS MÓVILES
A4: PARTIDOS | E4: PUNTOS
A6: =COUNT(Calendario!J5:J30) -> 2 | E6: =SUM(Calendario!O5:O30) -> 4
A9: GF | E9: GC
A11: =SUM(Calendario!J5:J30) -> 2 | E11: =SUM(Calendario!K5:K30) -> 1
A14: POSICIÓN | E14: PLANTILLA
A16: =INDEX(Clasificación!A5:A18,MATCH("CÁDIZ",Clasificación!B5:B18,0)) -> 6 | E16: =COUNTIF(Jugadoras!I5:I27,"SÍ") -> 23
A20: DATOS DESTACADOS
A21: MÁX. GOLEADORA | D21: =INDEX('Seguimiento partidos'!B6:B28,MATCH(MAX('Seguimiento partidos'!H6:H28),'Seguimiento partidos'!H6:H28,0)) -> Caye
A24: MÁX. ASISTENTE | D24: =INDEX('Seguimiento partidos'!B6:B28,MATCH(MAX('Seguimiento partidos'!I6:I28),'Seguimiento partidos'!I6:I28,0)) -> Mariana A.
A27: MÁS MINUTOS | D27: =INDEX('Seguimiento partidos'!B6:B28,MATCH(MAX('Seguimiento partidos'!G6:G28),'Seguimiento partidos'!G6:G28,0)) -> Valentina

Sheet Estadísticas jugadoras
A1: ESTADÍSTICAS DE JUGADORAS
A2: Resumen automático de goles, asistencias y goles encajados.
A4: JUGADORA | B4: POSICIÓN | C4: GOLES | D4: ASISTENCIAS | E4: GOLES ENCAJADOS | F4: PARTIDOS CON GOL | G4: ÚLTIMO GOL | H4: OBSERVACIONES
A5: =Jugadoras!C5 -> Julia | B5: =Jugadoras!E5 -> PORTERA | C5: =SUM(COUNTIFS(J01_IDA!$A$38:$A$45,"A FAVOR",J01_IDA!$E$38:$E$45,A5),COUNTIFS(J02_IDA!$A$38:$A$45,"A FAVOR",J02_IDA!$E$38:$E$45,A5),COUNTIFS(J03_IDA!$A$38:$A$45,"A FAVOR",J03_IDA!$E$38:$E$45,A5),COUNTIFS(J04_IDA!$A$38:$A$45,"A FAVOR",J04_IDA!$E$38:$E$45,A5),COUNTIFS(J05_IDA!$A$38:$A$45,"A FAVOR",J05_IDA!$E$38:$E$45,A5),COUNTIFS(J06_IDA!$A$38:$A$45,"A FAVOR",J06_IDA!$E$38:$E$45,A5),COUNTIFS(J07_IDA!$A$38:$A$45,"A FAVOR",J07_IDA!$E$38:$E$45,A5),COUNTIFS(J08_IDA!$A$38:$A$45,"A FAVOR",J08_IDA!$E$38:$E$45,A5),COUNTIFS(J09_IDA!$A$38:$A$45,"A FAVOR",J09_IDA!$E$38:$E$45,A5),COUNTIFS(J10_IDA!$A$38:$A$45,"A FAVOR",J10_IDA!$E$38:$E$45,A5),COUNTIFS(J11_IDA!$A$38:$A$45,"A FAVOR",J11_IDA!$E$38:$E$45,A5),COUNTIFS(J12_IDA!$A$38:$A$45,"A FAVOR",J12_IDA!$E$38:$E$45,A5),COUNTIFS(J13_IDA!$A$38:$A$45,"A FAVOR",J13_IDA!$E$38:$E$45,A5),COUNTIFS(J01_VTA!$A$38:$A$45,"A FAVOR",J01_VTA!$E$38:$E$45,A5),COUNTIFS(J02_VTA!$A$38:$A$45,"A FAVOR",J02_VTA!$E$38:$E$45,A5),COUNTIFS(J03_VTA!$A$38:$A$45,"A FAVOR",J03_VTA!$E$38:$E$45,A5),COUNTIFS(J04_VTA!$A$38:$A$45,"A FAVOR",J04_VTA!$E$38:$E$45,A5),COUNTIFS(J05_VTA!$A$38:$A$45,"A FAVOR",J05_VTA!$E$38:$E$45,A5),COUNTIFS(J06_VTA!$A$38:$A$45,"A FAVOR",J06_VTA!$E$38:$E$45,A5),COUNTIFS(J07_VTA!$A$38:$A$45,"A FAVOR",J07_VTA!$E$38:$E$45,A5),COUNTIFS(J08_VTA!$A$38:$A$45,"A FAVOR",J08_VTA!$E$38:$E$45,A5),COUNTIFS(J09_VTA!$A$38:$A$45,"A FAVOR",J09_VTA!$E$38:$E$45,A5),COUNTIFS(J10_VTA!$A$38:$A$45,"A FAVOR",J10_VTA!$E$38:$E$45,A5),COUNTIFS(J11_VTA!$A$38:$A$45,"A FAVOR",J11_VTA!$E$38:$E$45,A5),COUNTIFS(J12_VTA!$A$38:$A$45,"A FAVOR",J12_VTA!$E$38:$E$45,A5),COUNTIFS(J13_VTA!$A$38:$A$45,"A FAVOR",J13_VTA!$E$38:$E$45,A5)) -> 0 | D5: =SUM(COUNTIFS(J01_IDA!$A$38:$A$45,"A FAVOR",J01_IDA!$H$38:$H$45,A5),COUNTIFS(J02_IDA!$A$38:$A$45,"A FAVOR",J02_IDA!$H$38:$H$45,A5),COUNTIFS(J03_IDA!$A$38:$A$45,"A FAVOR",J03_IDA!$H$38:$H$45,A5),COUNTIFS(J04_IDA!$A$38:$A$45,"A FAVOR",J04_IDA!$H$38:$H$45,A5),COUNTIFS(J05_IDA!$A$38:$A$45,"A FAVOR",J05_IDA!$H$38:$H$45,A5),COUNTIFS(J06_IDA!$A$38:$A$45,"A FAVOR",J06_IDA!$H$38:$H$45,A5),COUNTIFS(J07_IDA!$A$38:$A$45,"A FAVOR",J07_IDA!$H$38:$H$45,A5),COUNTIFS(J08_IDA!$A$38:$A$45,"A FAVOR",J08_IDA!$H$38:$H$45,A5),COUNTIFS(J09_IDA!$A$38:$A$45,"A FAVOR",J09_IDA!$H$38:$H$45,A5),COUNTIFS(J10_IDA!$A$38:$A$45,"A FAVOR",J10_IDA!$H$38:$H$45,A5),COUNTIFS(J11_IDA!$A$38:$A$45,"A FAVOR",J11_IDA!$H$38:$H$45,A5),COUNTIFS(J12_IDA!$A$38:$A$45,"A FAVOR",J12_IDA!$H$38:$H$45,A5),COUNTIFS(J13_IDA!$A$38:$A$45,"A FAVOR",J13_IDA!$H$38:$H$45,A5),COUNTIFS(J01_VTA!$A$38:$A$45,"A FAVOR",J01_VTA!$H$38:$H$45,A5),COUNTIFS(J02_VTA!$A$38:$A$45,"A FAVOR",J02_VTA!$H$38:$H$45,A5),COUNTIFS(J03_VTA!$A$38:$A$45,"A FAVOR",J03_VTA!$H$38:$H$45,A5),COUNTIFS(J04_VTA!$A$38:$A$45,"A FAVOR",J04_VTA!$H$38:$H$45,A5),COUNTIFS(J05_VTA!$A$38:$A$45,"A FAVOR",J05_VTA!$H$38:$H$45,A5),COUNTIFS(J06_VTA!$A$38:$A$45,"A FAVOR",J06_VTA!$H$38:$H$45,A5),COUNTIFS(J07_VTA!$A$38:$A$45,"A FAVOR",J07_VTA!$H$38:$H$45,A5),COUNTIFS(J08_VTA!$A$38:$A$45,"A FAVOR",J08_VTA!$H$38:$H$45,A5),COUNTIFS(J09_VTA!$A$38:$A$45,"A FAVOR",J09_VTA!$H$38:$H$45,A5),COUNTIFS(J10_VTA!$A$38:$A$45,"A FAVOR",J10_VTA!$H$38:$H$45,A5),COUNTIFS(J11_VTA!$A$38:$A$45,"A FAVOR",J11_VTA!$H$38:$H$45,A5),COUNTIFS(J12_VTA!$A$38:$A$45,"A FAVOR",J12_VTA!$H$38:$H$45,A5),COUNTIFS(J13_VTA!$A$38:$A$45,"A FAVOR",J13_VTA!$H$38:$H$45,A5)) -> 0 | E5: =SUM(COUNTIFS(J01_IDA!$A$38:$A$45,"EN CONTRA",J01_IDA!$E$38:$E$45,A5),COUNTIFS(J02_IDA!$A$38:$A$45,"EN CONTRA",J02_IDA!$E$38:$E$45,A5),COUNTIFS(J03_IDA!$A$38:$A$45,"EN CONTRA",J03_IDA!$E$38:$E$45,A5),COUNTIFS(J04_IDA!$A$38:$A$45,"EN CONTRA",J04_IDA!$E$38:$E$45,A5),COUNTIFS(J05_IDA!$A$38:$A$45,"EN CONTRA",J05_IDA!$E$38:$E$45,A5),COUNTIFS(J06_IDA!$A$38:$A$45,"EN CONTRA",J06_IDA!$E$38:$E$45,A5),COUNTIFS(J07_IDA!$A$38:$A$45,"EN CONTRA",J07_IDA!$E$38:$E$45,A5),COUNTIFS(J08_IDA!$A$38:$A$45,"EN CONTRA",J08_IDA!$E$38:$E$45,A5),COUNTIFS(J09_IDA!$A$38:$A$45,"EN CONTRA",J09_IDA!$E$38:$E$45,A5),COUNTIFS(J10_IDA!$A$38:$A$45,"EN CONTRA",J10_IDA!$E$38:$E$45,A5),COUNTIFS(J11_IDA!$A$38:$A$45,"EN CONTRA",J11_IDA!$E$38:$E$45,A5),COUNTIFS(J12_IDA!$A$38:$A$45,"EN CONTRA",J12_IDA!$E$38:$E$45,A5),COUNTIFS(J13_IDA!$A$38:$A$45,"EN CONTRA",J13_IDA!$E$38:$E$45,A5),COUNTIFS(J01_VTA!$A$38:$A$45,"EN CONTRA",J01_VTA!$E$38:$E$45,A5),COUNTIFS(J02_VTA!$A$38:$A$45,"EN CONTRA",J02_VTA!$E$38:$E$45,A5),COUNTIFS(J03_VTA!$A$38:$A$45,"EN CONTRA",J03_VTA!$E$38:$E$45,A5),COUNTIFS(J04_VTA!$A$38:$A$45,"EN CONTRA",J04_VTA!$E$38:$E$45,A5),COUNTIFS(J05_VTA!$A$38:$A$45,"EN CONTRA",J05_VTA!$E$38:$E$45,A5),COUNTIFS(J06_VTA!$A$38:$A$45,"EN CONTRA",J06_VTA!$E$38:$E$45,A5),COUNTIFS(J07_VTA!$A$38:$A$45,"EN CONTRA",J07_VTA!$E$38:$E$45,A5),COUNTIFS(J08_VTA!$A$38:$A$45,"EN CONTRA",J08_VTA!$E$38:$E$45,A5),COUNTIFS(J09_VTA!$A$38:$A$45,"EN CONTRA",J09_VTA!$E$38:$E$45,A5),COUNTIFS(J10_VTA!$A$38:$A$45,"EN CONTRA",J10_VTA!$E$38:$E$45,A5),COUNTIFS(J11_VTA!$A$38:$A$45,"EN CONTRA",J11_VTA!$E$38:$E$45,A5),COUNTIFS(J12_VTA!$A$38:$A$45,"EN CONTRA",J12_VTA!$E$38:$E$45,A5),COUNTIFS(J13_VTA!$A$38:$A$45,"EN CONTRA",J13_VTA!$E$38:$E$45,A5)) -> 0 | F5: =IF(A5="","",IFERROR(SUMPRODUCT((#REF!=A5)*(#REF!="A FAVOR")/COUNTIFS(#REF!,#REF!,#REF!,#REF!,#REF!,#REF!)),0)) -> 0 | G5: =IFERROR(LOOKUP(2,1/((#REF!=A5)*(#REF!="A FAVOR")),#REF!),"")
A6: =Jugadoras!C6 -> Alba | B6: =Jugadoras!E6 -> L.D. | C6: =SUM(COUNTIFS(J01_IDA!$A$38:$A$45,"A FAVOR",J01_IDA!$E$38:$E$45,A6),COUNTIFS(J02_IDA!$A$38:$A$45,"A FAVOR",J02_IDA!$E$38:$E$45,A6),COUNTIFS(J03_IDA!$A$38:$A$45,"A FAVOR",J03_IDA!$E$38:$E$45,A6),COUNTIFS(J04_IDA!$A$38:$A$45,"A FAVOR",J04_IDA!$E$38:$E$45,A6),COUNTIFS(J05_IDA!$A$38:$A$45,"A FAVOR",J05_IDA!$E$38:$E$45,A6),COUNTIFS(J06_IDA!$A$38:$A$45,"A FAVOR",J06_IDA!$E$38:$E$45,A6),COUNTIFS(J07_IDA!$A$38:$A$45,"A FAVOR",J07_IDA!$E$38:$E$45,A6),COUNTIFS(J08_IDA!$A$38:$A$45,"A FAVOR",J08_IDA!$E$38:$E$45,A6),COUNTIFS(J09_IDA!$A$38:$A$45,"A FAVOR",J09_IDA!$E$38:$E$45,A6),COUNTIFS(J10_IDA!$A$38:$A$45,"A FAVOR",J10_IDA!$E$38:$E$45,A6),COUNTIFS(J11_IDA!$A$38:$A$45,"A FAVOR",J11_IDA!$E$38:$E$45,A6),COUNTIFS(J12_IDA!$A$38:$A$45,"A FAVOR",J12_IDA!$E$38:$E$45,A6),COUNTIFS(J13_IDA!$A$38:$A$45,"A FAVOR",J13_IDA!$E$38:$E$45,A6),COUNTIFS(J01_VTA!$A$38:$A$45,"A FAVOR",J01_VTA!$E$38:$E$45,A6),COUNTIFS(J02_VTA!$A$38:$A$45,"A FAVOR",J02_VTA!$E$38:$E$45,A6),COUNTIFS(J03_VTA!$A$38:$A$45,"A FAVOR",J03_VTA!$E$38:$E$45,A6),COUNTIFS(J04_VTA!$A$38:$A$45,"A FAVOR",J04_VTA!$E$38:$E$45,A6),COUNTIFS(J05_VTA!$A$38:$A$45,"A FAVOR",J05_VTA!$E$38:$E$45,A6),COUNTIFS(J06_VTA!$A$38:$A$45,"A FAVOR",J06_VTA!$E$38:$E$45,A6),COUNTIFS(J07_VTA!$A$38:$A$45,"A FAVOR",J07_VTA!$E$38:$E$45,A6),COUNTIFS(J08_VTA!$A$38:$A$45,"A FAVOR",J08_VTA!$E$38:$E$45,A6),COUNTIFS(J09_VTA!$A$38:$A$45,"A FAVOR",J09_VTA!$E$38:$E$45,A6),COUNTIFS(J10_VTA!$A$38:$A$45,"A FAVOR",J10_VTA!$E$38:$E$45,A6),COUNTIFS(J11_VTA!$A$38:$A$45,"A FAVOR",J11_VTA!$E$38:$E$45,A6),COUNTIFS(J12_VTA!$A$38:$A$45,"A FAVOR",J12_VTA!$E$38:$E$45,A6),COUNTIFS(J13_VTA!$A$38:$A$45,"A FAVOR",J13_VTA!$E$38:$E$45,A6)) -> 0 | D6: =SUM(COUNTIFS(J01_IDA!$A$38:$A$45,"A FAVOR",J01_IDA!$H$38:$H$45,A6),COUNTIFS(J02_IDA!$A$38:$A$45,"A FAVOR",J02_IDA!$H$38:$H$45,A6),COUNTIFS(J03_IDA!$A$38:$A$45,"A FAVOR",J03_IDA!$H$38:$H$45,A6),COUNTIFS(J04_IDA!$A$38:$A$45,"A FAVOR",J04_IDA!$H$38:$H$45,A6),COUNTIFS(J05_IDA!$A$38:$A$45,"A FAVOR",J05_IDA!$H$38:$H$45,A6),COUNTIFS(J06_IDA!$A$38:$A$45,"A FAVOR",J06_IDA!$H$38:$H$45,A6),COUNTIFS(J07_IDA!$A$38:$A$45,"A FAVOR",J07_IDA!$H$38:$H$45,A6),COUNTIFS(J08_IDA!$A$38:$A$45,"A FAVOR",J08_IDA!$H$38:$H$45,A6),COUNTIFS(J09_IDA!$A$38:$A$45,"A FAVOR",J09_IDA!$H$38:$H$45,A6),COUNTIFS(J10_IDA!$A$38:$A$45,"A FAVOR",J10_IDA!$H$38:$H$45,A6),COUNTIFS(J11_IDA!$A$38:$A$45,"A FAVOR",J11_IDA!$H$38:$H$45,A6),COUNTIFS(J12_IDA!$A$38:$A$45,"A FAVOR",J12_IDA!$H$38:$H$45,A6),COUNTIFS(J13_IDA!$A$38:$A$45,"A FAVOR",J13_IDA!$H$38:$H$45,A6),COUNTIFS(J01_VTA!$A$38:$A$45,"A FAVOR",J01_VTA!$H$38:$H$45,A6),COUNTIFS(J02_VTA!$A$38:$A$45,"A FAVOR",J02_VTA!$H$38:$H$45,A6),COUNTIFS(J03_VTA!$A$38:$A$45,"A FAVOR",J03_VTA!$H$38:$H$45,A6),COUNTIFS(J04_VTA!$A$38:$A$45,"A FAVOR",J04_VTA!$H$38:$H$45,A6),COUNTIFS(J05_VTA!$A$38:$A$45,"A FAVOR",J05_VTA!$H$38:$H$45,A6),COUNTIFS(J06_VTA!$A$38:$A$45,"A FAVOR",J06_VTA!$H$38:$H$45,A6),COUNTIFS(J07_VTA!$A$38:$A$45,"A FAVOR",J07_VTA!$H$38:$H$45,A6),COUNTIFS(J08_VTA!$A$38:$A$45,"A FAVOR",J08_VTA!$H$38:$H$45,A6),COUNTIFS(J09_VTA!$A$38:$A$45,"A FAVOR",J09_VTA!$H$38:$H$45,A6),COUNTIFS(J10_VTA!$A$38:$A$45,"A FAVOR",J10_VTA!$H$38:$H$45,A6),COUNTIFS(J11_VTA!$A$38:$A$45,"A FAVOR",J11_VTA!$H$38:$H$45,A6),COUNTIFS(J12_VTA!$A$38:$A$45,"A FAVOR",J12_VTA!$H$38:$H$45,A6),COUNTIFS(J13_VTA!$A$38:$A$45,"A FAVOR",J13_VTA!$H$38:$H$45,A6)) -> 0 | E6: =SUM(COUNTIFS(J01_IDA!$A$38:$A$45,"EN CONTRA",J01_IDA!$E$38:$E$45,A6),COUNTIFS(J02_IDA!$A$38:$A$45,"EN CONTRA",J02_IDA!$E$38:$E$45,A6),COUNTIFS(J03_IDA!$A$38:$A$45,"EN CONTRA",J03_IDA!$E$38:$E$45,A6),COUNTIFS(J04_IDA!$A$38:$A$45,"EN CONTRA",J04_IDA!$E$38:$E$45,A6),COUNTIFS(J05_IDA!$A$38:$A$45,"EN CONTRA",J05_IDA!$E$38:$E$45,A6),COUNTIFS(J06_IDA!$A$38:$A$45,"EN CONTRA",J06_IDA!$E$38:$E$45,A6),COUNTIFS(J07_IDA!$A$38:$A$45,"EN CONTRA",J07_IDA!$E$38:$E$45,A6),COUNTIFS(J08_IDA!$A$38:$A$45,"EN CONTRA",J08_IDA!$E$38:$E$45,A6),COUNTIFS(J09_IDA!$A$38:$A$45,"EN CONTRA",J09_IDA!$E$38:$E$45,A6),COUNTIFS(J10_IDA!$A$38:$A$45,"EN CONTRA",J10_IDA!$E$38:$E$45,A6),COUNTIFS(J11_IDA!$A$38:$A$45,"EN CONTRA",J11_IDA!$E$38:$E$45,A6),COUNTIFS(J12_IDA!$A$38:$A$45,"EN CONTRA",J12_IDA!$E$38:$E$45,A6),COUNTIFS(J13_IDA!$A$38:$A$45,"EN CONTRA",J13_IDA!$E$38:$E$45,A6),COUNTIFS(J01_VTA!$A$38:$A$45,"EN CONTRA",J01_VTA!$E$38:$E$45,A6),COUNTIFS(J02_VTA!$A$38:$A$45,"EN CONTRA",J02_VTA!$E$38:$E$45,A6),COUNTIFS(J03_VTA!$A$38:$A$45,"EN CONTRA",J03_VTA!$E$38:$E$45,A6),COUNTIFS(J04_VTA!$A$38:$A$45,"EN CONTRA",J04_VTA!$E$38:$E$45,A6),COUNTIFS(J05_VTA!$A$38:$A$45,"EN CONTRA",J05_VTA!$E$38:$E$45,A6),COUNTIFS(J06_VTA!$A$38:$A$45,"EN CONTRA",J06_VTA!$E$38:$E$45,A6),COUNTIFS(J07_VTA!$A$38:$A$45,"EN CONTRA",J07_VTA!$E$38:$E$45,A6),COUNTIFS(J08_VTA!$A$38:$A$45,"EN CONTRA",J08_VTA!$E$38:$E$45,A6),COUNTIFS(J09_VTA!$A$38:$A$45,"EN CONTRA",J09_VTA!$E$38:$E$45,A6),COUNTIFS(J10_VTA!$A$38:$A$45,"EN CONTRA",J10_VTA!$E$38:$E$45,A6),COUNTIFS(J11_VTA!$A$38:$A$45,"EN CONTRA",J11_VTA!$E$38:$E$45,A6),COUNTIFS(J12_VTA!$A$38:$A$45,"EN CONTRA",J12_VTA!$E$38:$E$45,A6),COUNTIFS(J13_VTA!$A$38:$A$45,"EN CONTRA",J13_VTA!$E$38:$E$45,A6)) -> 0 | F6: =IF(A6="","",IFERROR(SUMPRODUCT((#REF!=A6)*(#REF!="A FAVOR")/COUNTIFS(#REF!,#REF!,#REF!,#REF!,#REF!,#REF!)),0)) -> 0 | G6: =IFERROR(LOOKUP(2,1/((#REF!=A6)*(#REF!="A FAVOR")),#REF!),"")
A7: =Jugadoras!C7 -> Margarita | B7: =Jugadoras!E7 -> L.I. | C7: =SUM(COUNTIFS(J01_IDA!$A$38:$A$45,"A FAVOR",J01_IDA!$E$38:$E$45,A7),COUNTIFS(J02_IDA!$A$38:$A$45,"A FAVOR",J02_IDA!$E$38:$E$45,A7),COUNTIFS(J03_IDA!$A$38:$A$45,"A FAVOR",J03_IDA!$E$38:$E$45,A7),COUNTIFS(J04_IDA!$A$38:$A$45,"A FAVOR",J04_IDA!$E$38:$E$45,A7),COUNTIFS(J05_IDA!$A$38:$A$45,"A FAVOR",J05_IDA!$E$38:$E$45,A7),COUNTIFS(J06_IDA!$A$38:$A$45,"A FAVOR",J06_IDA!$E$38:$E$45,A7),COUNTIFS(J07_IDA!$A$38:$A$45,"A FAVOR",J07_IDA!$E$38:$E$45,A7),COUNTIFS(J08_IDA!$A$38:$A$45,"A FAVOR",J08_IDA!$E$38:$E$45,A7),COUNTIFS(J09_IDA!$A$38:$A$45,"A FAVOR",J09_IDA!$E$38:$E$45,A7),COUNTIFS(J10_IDA!$A$38:$A$45,"A FAVOR",J10_IDA!$E$38:$E$45,A7),COUNTIFS(J11_IDA!$A$38:$A$45,"A FAVOR",J11_IDA!$E$38:$E$45,A7),COUNTIFS(J12_IDA!$A$38:$A$45,"A FAVOR",J12_IDA!$E$38:$E$45,A7),COUNTIFS(J13_IDA!$A$38:$A$45,"A FAVOR",J13_IDA!$E$38:$E$45,A7),COUNTIFS(J01_VTA!$A$38:$A$45,"A FAVOR",J01_VTA!$E$38:$E$45,A7),COUNTIFS(J02_VTA!$A$38:$A$45,"A FAVOR",J02_VTA!$E$38:$E$45,A7),COUNTIFS(J03_VTA!$A$38:$A$45,"A FAVOR",J03_VTA!$E$38:$E$45,A7),COUNTIFS(J04_VTA!$A$38:$A$45,"A FAVOR",J04_VTA!$E$38:$E$45,A7),COUNTIFS(J05_VTA!$A$38:$A$45,"A FAVOR",J05_VTA!$E$38:$E$45,A7),COUNTIFS(J06_VTA!$A$38:$A$45,"A FAVOR",J06_VTA!$E$38:$E$45,A7),COUNTIFS(J07_VTA!$A$38:$A$45,"A FAVOR",J07_VTA!$E$38:$E$45,A7),COUNTIFS(J08_VTA!$A$38:$A$45,"A FAVOR",J08_VTA!$E$38:$E$45,A7),COUNTIFS(J09_VTA!$A$38:$A$45,"A FAVOR",J09_VTA!$E$38:$E$45,A7),COUNTIFS(J10_VTA!$A$38:$A$45,"A FAVOR",J10_VTA!$E$38:$E$45,A7),COUNTIFS(J11_VTA!$A$38:$A$45,"A FAVOR",J11_VTA!$E$38:$E$45,A7),COUNTIFS(J12_VTA!$A$38:$A$45,"A FAVOR",J12_VTA!$E$38:$E$45,A7),COUNTIFS(J13_VTA!$A$38:$A$45,"A FAVOR",J13_VTA!$E$38:$E$45,A7)) -> 0 | D7: =SUM(COUNTIFS(J01_IDA!$A$38:$A$45,"A FAVOR",J01_IDA!$H$38:$H$45,A7),COUNTIFS(J02_IDA!$A$38:$A$45,"A FAVOR",J02_IDA!$H$38:$H$45,A7),COUNTIFS(J03_IDA!$A$38:$A$45,"A FAVOR",J03_IDA!$H$38:$H$45,A7),COUNTIFS(J04_IDA!$A$38:$A$45,"A FAVOR",J04_IDA!$H$38:$H$45,A7),COUNTIFS(J05_IDA!$A$38:$A$45,"A FAVOR",J05_IDA!$H$38:$H$45,A7),COUNTIFS(J06_IDA!$A$38:$A$45,"A FAVOR",J06_IDA!$H$38:$H$45,A7),COUNTIFS(J07_IDA!$A$38:$A$45,"A FAVOR",J07_IDA!$H$38:$H$45,A7),COUNTIFS(J08_IDA!$A$38:$A$45,"A FAVOR",J08_IDA!$H$38:$H$45,A7),COUNTIFS(J09_IDA!$A$38:$A$45,"A FAVOR",J09_IDA!$H$38:$H$45,A7),COUNTIFS(J10_IDA!$A$38:$A$45,"A FAVOR",J10_IDA!$H$38:$H$45,A7),COUNTIFS(J11_IDA!$A$38:$A$45,"A FAVOR",J11_IDA!$H$38:$H$45,A7),COUNTIFS(J12_IDA!$A$38:$A$45,"A FAVOR",J12_IDA!$H$38:$H$45,A7),COUNTIFS(J13_IDA!$A$38:$A$45,"A FAVOR",J13_IDA!$H$38:$H$45,A7),COUNTIFS(J01_VTA!$A$38:$A$45,"A FAVOR",J01_VTA!$H$38:$H$45,A7),COUNTIFS(J02_VTA!$A$38:$A$45,"A FAVOR",J02_VTA!$H$38:$H$45,A7),COUNTIFS(J03_VTA!$A$38:$A$45,"A FAVOR",J03_VTA!$H$38:$H$45,A7),COUNTIFS(J04_VTA!$A$38:$A$45,"A FAVOR",J04_VTA!$H$38:$H$45,A7),COUNTIFS(J05_VTA!$A$38:$A$45,"A FAVOR",J05_VTA!$H$38:$H$45,A7),COUNTIFS(J06_VTA!$A$38:$A$45,"A FAVOR",J06_VTA!$H$38:$H$45,A7),COUNTIFS(J07_VTA!$A$38:$A$45,"A FAVOR",J07_VTA!$H$38:$H$45,A7),COUNTIFS(J08_VTA!$A$38:$A$45,"A FAVOR",J08_VTA!$H$38:$H$45,A7),COUNTIFS(J09_VTA!$A$38:$A$45,"A FAVOR",J09_VTA!$H$38:$H$45,A7),COUNTIFS(J10_VTA!$A$38:$A$45,"A FAVOR",J10_VTA!$H$38:$H$45,A7),COUNTIFS(J11_VTA!$A$38:$A$45,"A FAVOR",J11_VTA!$H$38:$H$45,A7),COUNTIFS(J12_VTA!$A$38:$A$45,"A FAVOR",J12_VTA!$H$38:$H$45,A7),COUNTIFS(J13_VTA!$A$38:$A$45,"A FAVOR",J13_VTA!$H$38:$H$45,A7)) -> 0 | E7: =SUM(COUNTIFS(J01_IDA!$A$38:$A$45,"EN CONTRA",J01_IDA!$E$38:$E$45,A7),COUNTIFS(J02_IDA!$A$38:$A$45,"EN CONTRA",J02_IDA!$E$38:$E$45,A7),COUNTIFS(J03_IDA!$A$38:$A$45,"EN CONTRA",J03_IDA!$E$38:$E$45,A7),COUNTIFS(J04_IDA!$A$38:$A$45,"EN CONTRA",J04_IDA!$E$38:$E$45,A7),COUNTIFS(J05_IDA!$A$38:$A$45,"EN CONTRA",J05_IDA!$E$38:$E$45,A7),COUNTIFS(J06_IDA!$A$38:$A$45,"EN CONTRA",J06_IDA!$E$38:$E$45,A7),COUNTIFS(J07_IDA!$A$38:$A$45,"EN CONTRA",J07_IDA!$E$38:$E$45,A7),COUNTIFS(J08_IDA!$A$38:$A$45,"EN CONTRA",J08_IDA!$E$38:$E$45,A7),COUNTIFS(J09_IDA!$A$38:$A$45,"EN CONTRA",J09_IDA!$E$38:$E$45,A7),COUNTIFS(J10_IDA!$A$38:$A$45,"EN CONTRA",J10_IDA!$E$38:$E$45,A7),COUNTIFS(J11_IDA!$A$38:$A$45,"EN CONTRA",J11_IDA!$E$38:$E$45,A7),COUNTIFS(J12_IDA!$A$38:$A$45,"EN CONTRA",J12_IDA!$E$38:$E$45,A7),COUNTIFS(J13_IDA!$A$38:$A$45,"EN CONTRA",J13_IDA!$E$38:$E$45,A7),COUNTIFS(J01_VTA!$A$38:$A$45,"EN CONTRA",J01_VTA!$E$38:$E$45,A7),COUNTIFS(J02_VTA!$A$38:$A$45,"EN CONTRA",J02_VTA!$E$38:$E$45,A7),COUNTIFS(J03_VTA!$A$38:$A$45,"EN CONTRA",J03_VTA!$E$38:$E$45,A7),COUNTIFS(J04_VTA!$A$38:$A$45,"EN CONTRA",J04_VTA!$E$38:$E$45,A7),COUNTIFS(J05_VTA!$A$38:$A$45,"EN CONTRA",J05_VTA!$E$38:$E$45,A7),COUNTIFS(J06_VTA!$A$38:$A$45,"EN CONTRA",J06_VTA!$E$38:$E$45,A7),COUNTIFS(J07_VTA!$A$38:$A$45,"EN CONTRA",J07_VTA!$E$38:$E$45,A7),COUNTIFS(J08_VTA!$A$38:$A$45,"EN CONTRA",J08_VTA!$E$38:$E$45,A7),COUNTIFS(J09_VTA!$A$38:$A$45,"EN CONTRA",J09_VTA!$E$38:$E$45,A7),COUNTIFS(J10_VTA!$A$38:$A$45,"EN CONTRA",J10_VTA!$E$38:$E$45,A7),COUNTIFS(J11_VTA!$A$38:$A$45,"EN CONTRA",J11_VTA!$E$38:$E$45,A7),COUNTIFS(J12_VTA!$A$38:$A$45,"EN CONTRA",J12_VTA!$E$38:$E$45,A7),COUNTIFS(J13_VTA!$A$38:$A$45,"EN CONTRA",J13_VTA!$E$38:$E$45,A7)) -> 0 | F7: =IF(A7="","",IFERROR(SUMPRODUCT((#REF!=A7)*(#REF!="A FAVOR")/COUNTIFS(#REF!,#REF!,#REF!,#REF!,#REF!,#REF!)),0)) -> 0 | G7: =IFERROR(LOOKUP(2,1/((#REF!=A7)*(#REF!="A FAVOR")),#REF!),"")
A8: =Jugadoras!C8 -> Valentina | B8: =Jugadoras!E8 -> CENTRAL / M.C. | C8: =SUM(COUNTIFS(J01_IDA!$A$38:$A$45,"A FAVOR",J01_IDA!$E$38:$E$45,A8),COUNTIFS(J02_IDA!$A$38:$A$45,"A FAVOR",J02_IDA!$E$38:$E$45,A8),COUNTIFS(J03_IDA!$A$38:$A$45,"A FAVOR",J03_IDA!$E$38:$E$45,A8),COUNTIFS(J04_IDA!$A$38:$A$45,"A FAVOR",J04_IDA!$E$38:$E$45,A8),COUNTIFS(J05_IDA!$A$38:$A$45,"A FAVOR",J05_IDA!$E$38:$E$45,A8),COUNTIFS(J06_IDA!$A$38:$A$45,"A FAVOR",J06_IDA!$E$38:$E$45,A8),COUNTIFS(J07_IDA!$A$38:$A$45,"A FAVOR",J07_IDA!$E$38:$E$45,A8),COUNTIFS(J08_IDA!$A$38:$A$45,"A FAVOR",J08_IDA!$E$38:$E$45,A8),COUNTIFS(J09_IDA!$A$38:$A$45,"A FAVOR",J09_IDA!$E$38:$E$45,A8),COUNTIFS(J10_IDA!$A$38:$A$45,"A FAVOR",J10_IDA!$E$38:$E$45,A8),COUNTIFS(J11_IDA!$A$38:$A$45,"A FAVOR",J11_IDA!$E$38:$E$45,A8),COUNTIFS(J12_IDA!$A$38:$A$45,"A FAVOR",J12_IDA!$E$38:$E$45,A8),COUNTIFS(J13_IDA!$A$38:$A$45,"A FAVOR",J13_IDA!$E$38:$E$45,A8),COUNTIFS(J01_VTA!$A$38:$A$45,"A FAVOR",J01_VTA!$E$38:$E$45,A8),COUNTIFS(J02_VTA!$A$38:$A$45,"A FAVOR",J02_VTA!$E$38:$E$45,A8),COUNTIFS(J03_VTA!$A$38:$A$45,"A FAVOR",J03_VTA!$E$38:$E$45,A8),COUNTIFS(J04_VTA!$A$38:$A$45,"A FAVOR",J04_VTA!$E$38:$E$45,A8),COUNTIFS(J05_VTA!$A$38:$A$45,"A FAVOR",J05_VTA!$E$38:$E$45,A8),COUNTIFS(J06_VTA!$A$38:$A$45,"A FAVOR",J06_VTA!$E$38:$E$45,A8),COUNTIFS(J07_VTA!$A$38:$A$45,"A FAVOR",J07_VTA!$E$38:$E$45,A8),COUNTIFS(J08_VTA!$A$38:$A$45,"A FAVOR",J08_VTA!$E$38:$E$45,A8),COUNTIFS(J09_VTA!$A$38:$A$45,"A FAVOR",J09_VTA!$E$38:$E$45,A8),COUNTIFS(J10_VTA!$A$38:$A$45,"A FAVOR",J10_VTA!$E$38:$E$45,A8),COUNTIFS(J11_VTA!$A$38:$A$45,"A FAVOR",J11_VTA!$E$38:$E$45,A8),COUNTIFS(J12_VTA!$A$38:$A$45,"A FAVOR",J12_VTA!$E$38:$E$45,A8),COUNTIFS(J13_VTA!$A$38:$A$45,"A FAVOR",J13_VTA!$E$38:$E$45,A8)) -> 0 | D8: =SUM(COUNTIFS(J01_IDA!$A$38:$A$45,"A FAVOR",J01_IDA!$H$38:$H$45,A8),COUNTIFS(J02_IDA!$A$38:$A$45,"A FAVOR",J02_IDA!$H$38:$H$45,A8),COUNTIFS(J03_IDA!$A$38:$A$45,"A FAVOR",J03_IDA!$H$38:$H$45,A8),COUNTIFS(J04_IDA!$A$38:$A$45,"A FAVOR",J04_IDA!$H$38:$H$45,A8),COUNTIFS(J05_IDA!$A$38:$A$45,"A FAVOR",J05_IDA!$H$38:$H$45,A8),COUNTIFS(J06_IDA!$A$38:$A$45,"A FAVOR",J06_IDA!$H$38:$H$45,A8),COUNTIFS(J07_IDA!$A$38:$A$45,"A FAVOR",J07_IDA!$H$38:$H$45,A8),COUNTIFS(J08_IDA!$A$38:$A$45,"A FAVOR",J08_IDA!$H$38:$H$45,A8),COUNTIFS(J09_IDA!$A$38:$A$45,"A FAVOR",J09_IDA!$H$38:$H$45,A8),COUNTIFS(J10_IDA!$A$38:$A$45,"A FAVOR",J10_IDA!$H$38:$H$45,A8),COUNTIFS(J11_IDA!$A$38:$A$45,"A FAVOR",J11_IDA!$H$38:$H$45,A8),COUNTIFS(J12_IDA!$A$38:$A$45,"A FAVOR",J12_IDA!$H$38:$H$45,A8),COUNTIFS(J13_IDA!$A$38:$A$45,"A FAVOR",J13_IDA!$H$38:$H$45,A8),COUNTIFS(J01_VTA!$A$38:$A$45,"A FAVOR",J01_VTA!$H$38:$H$45,A8),COUNTIFS(J02_VTA!$A$38:$A$45,"A FAVOR",J02_VTA!$H$38:$H$45,A8),COUNTIFS(J03_VTA!$A$38:$A$45,"A FAVOR",J03_VTA!$H$38:$H$45,A8),COUNTIFS(J04_VTA!$A$38:$A$45,"A FAVOR",J04_VTA!$H$38:$H$45,A8),COUNTIFS(J05_VTA!$A$38:$A$45,"A FAVOR",J05_VTA!$H$38:$H$45,A8),COUNTIFS(J06_VTA!$A$38:$A$45,"A FAVOR",J06_VTA!$H$38:$H$45,A8),COUNTIFS(J07_VTA!$A$38:$A$45,"A FAVOR",J07_VTA!$H$38:$H$45,A8),COUNTIFS(J08_VTA!$A$38:$A$45,"A FAVOR",J08_VTA!$H$38:$H$45,A8),COUNTIFS(J09_VTA!$A$38:$A$45,"A FAVOR",J09_VTA!$H$38:$H$45,A8),COUNTIFS(J10_VTA!$A$38:$A$45,"A FAVOR",J10_VTA!$H$38:$H$45,A8),COUNTIFS(J11_VTA!$A$38:$A$45,"A FAVOR",J11_VTA!$H$38:$H$45,A8),COUNTIFS(J12_VTA!$A$38:$A$45,"A FAVOR",J12_VTA!$H$38:$H$45,A8),COUNTIFS(J13_VTA!$A$38:$A$45,"A FAVOR",J13_VTA!$H$38:$H$45,A8)) -> 0 | E8: =SUM(COUNTIFS(J01_IDA!$A$38:$A$45,"EN CONTRA",J01_IDA!$E$38:$E$45,A8),COUNTIFS(J02_IDA!$A$38:$A$45,"EN CONTRA",J02_IDA!$E$38:$E$45,A8),COUNTIFS(J03_IDA!$A$38:$A$45,"EN CONTRA",J03_IDA!$E$38:$E$45,A8),COUNTIFS(J04_IDA!$A$38:$A$45,"EN CONTRA",J04_IDA!$E$38:$E$45,A8),COUNTIFS(J05_IDA!$A$38:$A$45,"EN CONTRA",J05_IDA!$E$38:$E$45,A8),COUNTIFS(J06_IDA!$A$38:$A$45,"EN CONTRA",J06_IDA!$E$38:$E$45,A8),COUNTIFS(J07_IDA!$A$38:$A$45,"EN CONTRA",J07_IDA!$E$38:$E$45,A8),COUNTIFS(J08_IDA!$A$38:$A$45,"EN CONTRA",J08_IDA!$E$38:$E$45,A8),COUNTIFS(J09_IDA!$A$38:$A$45,"EN CONTRA",J09_IDA!$E$38:$E$45,A8),COUNTIFS(J10_IDA!$A$38:$A$45,"EN CONTRA",J10_IDA!$E$38:$E$45,A8),COUNTIFS(J11_IDA!$A$38:$A$45,"EN CONTRA",J11_IDA!$E$38:$E$45,A8),COUNTIFS(J12_IDA!$A$38:$A$45,"EN CONTRA",J12_IDA!$E$38:$E$45,A8),COUNTIFS(J13_IDA!$A$38:$A$45,"EN CONTRA",J13_IDA!$E$38:$E$45,A8),COUNTIFS(J01_VTA!$A$38:$A$45,"EN CONTRA",J01_VTA!$E$38:$E$45,A8),COUNTIFS(J02_VTA!$A$38:$A$45,"EN CONTRA",J02_VTA!$E$38:$E$45,A8),COUNTIFS(J03_VTA!$A$38:$A$45,"EN CONTRA",J03_VTA!$E$38:$E$45,A8),COUNTIFS(J04_VTA!$A$38:$A$45,"EN CONTRA",J04_VTA!$E$38:$E$45,A8),COUNTIFS(J05_VTA!$A$38:$A$45,"EN CONTRA",J05_VTA!$E$38:$E$45,A8),COUNTIFS(J06_VTA!$A$38:$A$45,"EN CONTRA",J06_VTA!$E$38:$E$45,A8),COUNTIFS(J07_VTA!$A$38:$A$45,"EN CONTRA",J07_VTA!$E$38:$E$45,A8),COUNTIFS(J08_VTA!$A$38:$A$45,"EN CONTRA",J08_VTA!$E$38:$E$45,A8),COUNTIFS(J09_VTA!$A$38:$A$45,"EN CONTRA",J09_VTA!$E$38:$E$45,A8),COUNTIFS(J10_VTA!$A$38:$A$45,"EN CONTRA",J10_VTA!$E$38:$E$45,A8),COUNTIFS(J11_VTA!$A$38:$A$45,"EN CONTRA",J11_VTA!$E$38:$E$45,A8),COUNTIFS(J12_VTA!$A$38:$A$45,"EN CONTRA",J12_VTA!$E$38:$E$45,A8),COUNTIFS(J13_VTA!$A$38:$A$45,"EN CONTRA",J13_VTA!$E$38:$E$45,A8)) -> 0 | F8: =IF(A8="","",IFERROR(SUMPRODUCT((#REF!=A8)*(#REF!="A FAVOR")/COUNTIFS(#REF!,#REF!,#REF!,#REF!,#REF!,#REF!)),0)) -> 0 | G8: =IFERROR(LOOKUP(2,1/((#REF!=A8)*(#REF!="A FAVOR")),#REF!),"")
A9: =Jugadoras!C9 -> Ainhoa | B9: =Jugadoras!E9 -> CENTRAL | C9: =SUM(COUNTIFS(J01_IDA!$A$38:$A$45,"A FAVOR",J01_IDA!$E$38:$E$45,A9),COUNTIFS(J02_IDA!$A$38:$A$45,"A FAVOR",J02_IDA!$E$38:$E$45,A9),COUNTIFS(J03_IDA!$A$38:$A$45,"A FAVOR",J03_IDA!$E$38:$E$45,A9),COUNTIFS(J04_IDA!$A$38:$A$45,"A FAVOR",J04_IDA!$E$38:$E$45,A9),COUNTIFS(J05_IDA!$A$38:$A$45,"A FAVOR",J05_IDA!$E$38:$E$45,A9),COUNTIFS(J06_IDA!$A$38:$A$45,"A FAVOR",J06_IDA!$E$38:$E$45,A9),COUNTIFS(J07_IDA!$A$38:$A$45,"A FAVOR",J07_IDA!$E$38:$E$45,A9),COUNTIFS(J08_IDA!$A$38:$A$45,"A FAVOR",J08_IDA!$E$38:$E$45,A9),COUNTIFS(J09_IDA!$A$38:$A$45,"A FAVOR",J09_IDA!$E$38:$E$45,A9),COUNTIFS(J10_IDA!$A$38:$A$45,"A FAVOR",J10_IDA!$E$38:$E$45,A9),COUNTIFS(J11_IDA!$A$38:$A$45,"A FAVOR",J11_IDA!$E$38:$E$45,A9),COUNTIFS(J12_IDA!$A$38:$A$45,"A FAVOR",J12_IDA!$E$38:$E$45,A9),COUNTIFS(J13_IDA!$A$38:$A$45,"A FAVOR",J13_IDA!$E$38:$E$45,A9),COUNTIFS(J01_VTA!$A$38:$A$45,"A FAVOR",J01_VTA!$E$38:$E$45,A9),COUNTIFS(J02_VTA!$A$38:$A$45,"A FAVOR",J02_VTA!$E$38:$E$45,A9),COUNTIFS(J03_VTA!$A$38:$A$45,"A FAVOR",J03_VTA!$E$38:$E$45,A9),COUNTIFS(J04_VTA!$A$38:$A$45,"A FAVOR",J04_VTA!$E$38:$E$45,A9),COUNTIFS(J05_VTA!$A$38:$A$45,"A FAVOR",J05_VTA!$E$38:$E$45,A9),COUNTIFS(J06_VTA!$A$38:$A$45,"A FAVOR",J06_VTA!$E$38:$E$45,A9),COUNTIFS(J07_VTA!$A$38:$A$45,"A FAVOR",J07_VTA!$E$38:$E$45,A9),COUNTIFS(J08_VTA!$A$38:$A$45,"A FAVOR",J08_VTA!$E$38:$E$45,A9),COUNTIFS(J09_VTA!$A$38:$A$45,"A FAVOR",J09_VTA!$E$38:$E$45,A9),COUNTIFS(J10_VTA!$A$38:$A$45,"A FAVOR",J10_VTA!$E$38:$E$45,A9),COUNTIFS(J11_VTA!$A$38:$A$45,"A FAVOR",J11_VTA!$E$38:$E$45,A9),COUNTIFS(J12_VTA!$A$38:$A$45,"A FAVOR",J12_VTA!$E$38:$E$45,A9),COUNTIFS(J13_VTA!$A$38:$A$45,"A FAVOR",J13_VTA!$E$38:$E$45,A9)) -> 0 | D9: =SUM(COUNTIFS(J01_IDA!$A$38:$A$45,"A FAVOR",J01_IDA!$H$38:$H$45,A9),COUNTIFS(J02_IDA!$A$38:$A$45,"A FAVOR",J02_IDA!$H$38:$H$45,A9),COUNTIFS(J03_IDA!$A$38:$A$45,"A FAVOR",J03_IDA!$H$38:$H$45,A9),COUNTIFS(J04_IDA!$A$38:$A$45,"A FAVOR",J04_IDA!$H$38:$H$45,A9),COUNTIFS(J05_IDA!$A$38:$A$45,"A FAVOR",J05_IDA!$H$38:$H$45,A9),COUNTIFS(J06_IDA!$A$38:$A$45,"A FAVOR",J06_IDA!$H$38:$H$45,A9),COUNTIFS(J07_IDA!$A$38:$A$45,"A FAVOR",J07_IDA!$H$38:$H$45,A9),COUNTIFS(J08_IDA!$A$38:$A$45,"A FAVOR",J08_IDA!$H$38:$H$45,A9),COUNTIFS(J09_IDA!$A$38:$A$45,"A FAVOR",J09_IDA!$H$38:$H$45,A9),COUNTIFS(J10_IDA!$A$38:$A$45,"A FAVOR",J10_IDA!$H$38:$H$45,A9),COUNTIFS(J11_IDA!$A$38:$A$45,"A FAVOR",J11_IDA!$H$38:$H$45,A9),COUNTIFS(J12_IDA!$A$38:$A$45,"A FAVOR",J12_IDA!$H$38:$H$45,A9),COUNTIFS(J13_IDA!$A$38:$A$45,"A FAVOR",J13_IDA!$H$38:$H$45,A9),COUNTIFS(J01_VTA!$A$38:$A$45,"A FAVOR",J01_VTA!$H$38:$H$45,A9),COUNTIFS(J02_VTA!$A$38:$A$45,"A FAVOR",J02_VTA!$H$38:$H$45,A9),COUNTIFS(J03_VTA!$A$38:$A$45,"A FAVOR",J03_VTA!$H$38:$H$45,A9),COUNTIFS(J04_VTA!$A$38:$A$45,"A FAVOR",J04_VTA!$H$38:$H$45,A9),COUNTIFS(J05_VTA!$A$38:$A$45,"A FAVOR",J05_VTA!$H$38:$H$45,A9),COUNTIFS(J06_VTA!$A$38:$A$45,"A FAVOR",J06_VTA!$H$38:$H$45,A9),COUNTIFS(J07_VTA!$A$38:$A$45,"A FAVOR",J07_VTA!$H$38:$H$45,A9),COUNTIFS(J08_VTA!$A$38:$A$45,"A FAVOR",J08_VTA!$H$38:$H$45,A9),COUNTIFS(J09_VTA!$A$38:$A$45,"A FAVOR",J09_VTA!$H$38:$H$45,A9),COUNTIFS(J10_VTA!$A$38:$A$45,"A FAVOR",J10_VTA!$H$38:$H$45,A9),COUNTIFS(J11_VTA!$A$38:$A$45,"A FAVOR",J11_VTA!$H$38:$H$45,A9),COUNTIFS(J12_VTA!$A$38:$A$45,"A FAVOR",J12_VTA!$H$38:$H$45,A9),COUNTIFS(J13_VTA!$A$38:$A$45,"A FAVOR",J13_VTA!$H$38:$H$45,A9)) -> 0 | E9: =SUM(COUNTIFS(J01_IDA!$A$38:$A$45,"EN CONTRA",J01_IDA!$E$38:$E$45,A9),COUNTIFS(J02_IDA!$A$38:$A$45,"EN CONTRA",J02_IDA!$E$38:$E$45,A9),COUNTIFS(J03_IDA!$A$38:$A$45,"EN CONTRA",J03_IDA!$E$38:$E$45,A9),COUNTIFS(J04_IDA!$A$38:$A$45,"EN CONTRA",J04_IDA!$E$38:$E$45,A9),COUNTIFS(J05_IDA!$A$38:$A$45,"EN CONTRA",J05_IDA!$E$38:$E$45,A9),COUNTIFS(J06_IDA!$A$38:$A$45,"EN CONTRA",J06_IDA!$E$38:$E$45,A9),COUNTIFS(J07_IDA!$A$38:$A$45,"EN CONTRA",J07_IDA!$E$38:$E$45,A9),COUNTIFS(J08_IDA!$A$38:$A$45,"EN CONTRA",J08_IDA!$E$38:$E$45,A9),COUNTIFS(J09_IDA!$A$38:$A$45,"EN CONTRA",J09_IDA!$E$38:$E$45,A9),COUNTIFS(J10_IDA!$A$38:$A$45,"EN CONTRA",J10_IDA!$E$38:$E$45,A9),COUNTIFS(J11_IDA!$A$38:$A$45,"EN CONTRA",J11_IDA!$E$38:$E$45,A9),COUNTIFS(J12_IDA!$A$38:$A$45,"EN CONTRA",J12_IDA!$E$38:$E$45,A9),COUNTIFS(J13_IDA!$A$38:$A$45,"EN CONTRA",J13_IDA!$E$38:$E$45,A9),COUNTIFS(J01_VTA!$A$38:$A$45,"EN CONTRA",J01_VTA!$E$38:$E$45,A9),COUNTIFS(J02_VTA!$A$38:$A$45,"EN CONTRA",J02_VTA!$E$38:$E$45,A9),COUNTIFS(J03_VTA!$A$38:$A$45,"EN CONTRA",J03_VTA!$E$38:$E$45,A9),COUNTIFS(J04_VTA!$A$38:$A$45,"EN CONTRA",J04_VTA!$E$38:$E$45,A9),COUNTIFS(J05_VTA!$A$38:$A$45,"EN CONTRA",J05_VTA!$E$38:$E$45,A9),COUNTIFS(J06_VTA!$A$38:$A$45,"EN CONTRA",J06_VTA!$E$38:$E$45,A9),COUNTIFS(J07_VTA!$A$38:$A$45,"EN CONTRA",J07_VTA!$E$38:$E$45,A9),COUNTIFS(J08_VTA!$A$38:$A$45,"EN CONTRA",J08_VTA!$E$38:$E$45,A9),COUNTIFS(J09_VTA!$A$38:$A$45,"EN CONTRA",J09_VTA!$E$38:$E$45,A9),COUNTIFS(J10_VTA!$A$38:$A$45,"EN CONTRA",J10_VTA!$E$38:$E$45,A9),COUNTIFS(J11_VTA!$A$38:$A$45,"EN CONTRA",J11_VTA!$E$38:$E$45,A9),COUNTIFS(J12_VTA!$A$38:$A$45,"EN CONTRA",J12_VTA!$E$38:$E$45,A9),COUNTIFS(J13_VTA!$A$38:$A$45,"EN CONTRA",J13_VTA!$E$38:$E$45,A9)) -> 0 | F9: =IF(A9="","",IFERROR(SUMPRODUCT((#REF!=A9)*(#REF!="A FAVOR")/COUNTIFS(#REF!,#REF!,#REF!,#REF!,#REF!,#REF!)),0)) -> 0 | G9: =IFERROR(LOOKUP(2,1/((#REF!=A9)*(#REF!="A FAVOR")),#REF!),"")
A10: =Jugadoras!C10 -> Patri | B10: =Jugadoras!E10 -> M.C. | C10: =SUM(COUNTIFS(J01_IDA!$A$38:$A$45,"A FAVOR",J01_IDA!$E$38:$E$45,A10),COUNTIFS(J02_IDA!$A$38:$A$45,"A FAVOR",J02_IDA!$E$38:$E$45,A10),COUNTIFS(J03_IDA!$A$38:$A$45,"A FAVOR",J03_IDA!$E$38:$E$45,A10),COUNTIFS(J04_IDA!$A$38:$A$45,"A FAVOR",J04_IDA!$E$38:$E$45,A10),COUNTIFS(J05_IDA!$A$38:$A$45,"A FAVOR",J05_IDA!$E$38:$E$45,A10),COUNTIFS(J06_IDA!$A$38:$A$45,"A FAVOR",J06_IDA!$E$38:$E$45,A10),COUNTIFS(J07_IDA!$A$38:$A$45,"A FAVOR",J07_IDA!$E$38:$E$45,A10),COUNTIFS(J08_IDA!$A$38:$A$45,"A FAVOR",J08_IDA!$E$38:$E$45,A10),COUNTIFS(J09_IDA!$A$38:$A$45,"A FAVOR",J09_IDA!$E$38:$E$45,A10),COUNTIFS(J10_IDA!$A$38:$A$45,"A FAVOR",J10_IDA!$E$38:$E$45,A10),COUNTIFS(J11_IDA!$A$38:$A$45,"A FAVOR",J11_IDA!$E$38:$E$45,A10),COUNTIFS(J12_IDA!$A$38:$A$45,"A FAVOR",J12_IDA!$E$38:$E$45,A10),COUNTIFS(J13_IDA!$A$38:$A$45,"A FAVOR",J13_IDA!$E$38:$E$45,A10),COUNTIFS(J01_VTA!$A$38:$A$45,"A FAVOR",J01_VTA!$E$38:$E$45,A10),COUNTIFS(J02_VTA!$A$38:$A$45,"A FAVOR",J02_VTA!$E$38:$E$45,A10),COUNTIFS(J03_VTA!$A$38:$A$45,"A FAVOR",J03_VTA!$E$38:$E$45,A10),COUNTIFS(J04_VTA!$A$38:$A$45,"A FAVOR",J04_VTA!$E$38:$E$45,A10),COUNTIFS(J05_VTA!$A$38:$A$45,"A FAVOR",J05_VTA!$E$38:$E$45,A10),COUNTIFS(J06_VTA!$A$38:$A$45,"A FAVOR",J06_VTA!$E$38:$E$45,A10),COUNTIFS(J07_VTA!$A$38:$A$45,"A FAVOR",J07_VTA!$E$38:$E$45,A10),COUNTIFS(J08_VTA!$A$38:$A$45,"A FAVOR",J08_VTA!$E$38:$E$45,A10),COUNTIFS(J09_VTA!$A$38:$A$45,"A FAVOR",J09_VTA!$E$38:$E$45,A10),COUNTIFS(J10_VTA!$A$38:$A$45,"A FAVOR",J10_VTA!$E$38:$E$45,A10),COUNTIFS(J11_VTA!$A$38:$A$45,"A FAVOR",J11_VTA!$E$38:$E$45,A10),COUNTIFS(J12_VTA!$A$38:$A$45,"A FAVOR",J12_VTA!$E$38:$E$45,A10),COUNTIFS(J13_VTA!$A$38:$A$45,"A FAVOR",J13_VTA!$E$38:$E$45,A10)) -> 0 | D10: =SUM(COUNTIFS(J01_IDA!$A$38:$A$45,"A FAVOR",J01_IDA!$H$38:$H$45,A10),COUNTIFS(J02_IDA!$A$38:$A$45,"A FAVOR",J02_IDA!$H$38:$H$45,A10),COUNTIFS(J03_IDA!$A$38:$A$45,"A FAVOR",J03_IDA!$H$38:$H$45,A10),COUNTIFS(J04_IDA!$A$38:$A$45,"A FAVOR",J04_IDA!$H$38:$H$45,A10),COUNTIFS(J05_IDA!$A$38:$A$45,"A FAVOR",J05_IDA!$H$38:$H$45,A10),COUNTIFS(J06_IDA!$A$38:$A$45,"A FAVOR",J06_IDA!$H$38:$H$45,A10),COUNTIFS(J07_IDA!$A$38:$A$45,"A FAVOR",J07_IDA!$H$38:$H$45,A10),COUNTIFS(J08_IDA!$A$38:$A$45,"A FAVOR",J08_IDA!$H$38:$H$45,A10),COUNTIFS(J09_IDA!$A$38:$A$45,"A FAVOR",J09_IDA!$H$38:$H$45,A10),COUNTIFS(J10_IDA!$A$38:$A$45,"A FAVOR",J10_IDA!$H$38:$H$45,A10),COUNTIFS(J11_IDA!$A$38:$A$45,"A FAVOR",J11_IDA!$H$38:$H$45,A10),COUNTIFS(J12_IDA!$A$38:$A$45,"A FAVOR",J12_IDA!$H$38:$H$45,A10),COUNTIFS(J13_IDA!$A$38:$A$45,"A FAVOR",J13_IDA!$H$38:$H$45,A10),COUNTIFS(J01_VTA!$A$38:$A$45,"A FAVOR",J01_VTA!$H$38:$H$45,A10),COUNTIFS(J02_VTA!$A$38:$A$45,"A FAVOR",J02_VTA!$H$38:$H$45,A10),COUNTIFS(J03_VTA!$A$38:$A$45,"A FAVOR",J03_VTA!$H$38:$H$45,A10),COUNTIFS(J04_VTA!$A$38:$A$45,"A FAVOR",J04_VTA!$H$38:$H$45,A10),COUNTIFS(J05_VTA!$A$38:$A$45,"A FAVOR",J05_VTA!$H$38:$H$45,A10),COUNTIFS(J06_VTA!$A$38:$A$45,"A FAVOR",J06_VTA!$H$38:$H$45,A10),COUNTIFS(J07_VTA!$A$38:$A$45,"A FAVOR",J07_VTA!$H$38:$H$45,A10),COUNTIFS(J08_VTA!$A$38:$A$45,"A FAVOR",J08_VTA!$H$38:$H$45,A10),COUNTIFS(J09_VTA!$A$38:$A$45,"A FAVOR",J09_VTA!$H$38:$H$45,A10),COUNTIFS(J10_VTA!$A$38:$A$45,"A FAVOR",J10_VTA!$H$38:$H$45,A10),COUNTIFS(J11_VTA!$A$38:$A$45,"A FAVOR",J11_VTA!$H$38:$H$45,A10),COUNTIFS(J12_VTA!$A$38:$A$45,"A FAVOR",J12_VTA!$H$38:$H$45,A10),COUNTIFS(J13_VTA!$A$38:$A$45,"A FAVOR",J13_VTA!$H$38:$H$45,A10)) -> 0 | E10: =SUM(COUNTIFS(J01_IDA!$A$38:$A$45,"EN CONTRA",J01_IDA!$E$38:$E$45,A10),COUNTIFS(J02_IDA!$A$38:$A$45,"EN CONTRA",J02_IDA!$E$38:$E$45,A10),COUNTIFS(J03_IDA!$A$38:$A$45,"EN CONTRA",J03_IDA!$E$38:$E$45,A10),COUNTIFS(J04_IDA!$A$38:$A$45,"EN CONTRA",J04_IDA!$E$38:$E$45,A10),COUNTIFS(J05_IDA!$A$38:$A$45,"EN CONTRA",J05_IDA!$E$38:$E$45,A10),COUNTIFS(J06_IDA!$A$38:$A$45,"EN CONTRA",J06_IDA!$E$38:$E$45,A10),COUNTIFS(J07_IDA!$A$38:$A$45,"EN CONTRA",J07_IDA!$E$38:$E$45,A10),COUNTIFS(J08_IDA!$A$38:$A$45,"EN CONTRA",J08_IDA!$E$38:$E$45,A10),COUNTIFS(J09_IDA!$A$38:$A$45,"EN CONTRA",J09_IDA!$E$38:$E$45,A10),COUNTIFS(J10_IDA!$A$38:$A$45,"EN CONTRA",J10_IDA!$E$38:$E$45,A10),COUNTIFS(J11_IDA!$A$38:$A$45,"EN CONTRA",J11_IDA!$E$38:$E$45,A10),COUNTIFS(J12_IDA!$A$38:$A$45,"EN CONTRA",J12_IDA!$E$38:$E$45,A10),COUNTIFS(J13_IDA!$A$38:$A$45,"EN CONTRA",J13_IDA!$E$38:$E$45,A10),COUNTIFS(J01_VTA!$A$38:$A$45,"EN CONTRA",J01_VTA!$E$38:$E$45,A10),COUNTIFS(J02_VTA!$A$38:$A$45,"EN CONTRA",J02_VTA!$E$38:$E$45,A10),COUNTIFS(J03_VTA!$A$38:$A$45,"EN CONTRA",J03_VTA!$E$38:$E$45,A10),COUNTIFS(J04_VTA!$A$38:$A$45,"EN CONTRA",J04_VTA!$E$38:$E$45,A10),COUNTIFS(J05_VTA!$A$38:$A$45,"EN CONTRA",J05_VTA!$E$38:$E$45,A10),COUNTIFS(J06_VTA!$A$38:$A$45,"EN CONTRA",J06_VTA!$E$38:$E$45,A10),COUNTIFS(J07_VTA!$A$38:$A$45,"EN CONTRA",J07_VTA!$E$38:$E$45,A10),COUNTIFS(J08_VTA!$A$38:$A$45,"EN CONTRA",J08_VTA!$E$38:$E$45,A10),COUNTIFS(J09_VTA!$A$38:$A$45,"EN CONTRA",J09_VTA!$E$38:$E$45,A10),COUNTIFS(J10_VTA!$A$38:$A$45,"EN CONTRA",J10_VTA!$E$38:$E$45,A10),COUNTIFS(J11_VTA!$A$38:$A$45,"EN CONTRA",J11_VTA!$E$38:$E$45,A10),COUNTIFS(J12_VTA!$A$38:$A$45,"EN CONTRA",J12_VTA!$E$38:$E$45,A10),COUNTIFS(J13_VTA!$A$38:$A$45,"EN CONTRA",J13_VTA!$E$38:$E$45,A10)) -> 0 | F10: =IF(A10="","",IFERROR(SUMPRODUCT((#REF!=A10)*(#REF!="A FAVOR")/COUNTIFS(#REF!,#REF!,#REF!,#REF!,#REF!,#REF!)),0)) -> 0 | G10: =IFERROR(LOOKUP(2,1/((#REF!=A10)*(#REF!="A FAVOR")),#REF!),"")
A11: =Jugadoras!C11 -> Nerea | B11: =Jugadoras!E11 -> EXT. | C11: =SUM(COUNTIFS(J01_IDA!$A$38:$A$45,"A FAVOR",J01_IDA!$E$38:$E$45,A11),COUNTIFS(J02_IDA!$A$38:$A$45,"A FAVOR",J02_IDA!$E$38:$E$45,A11),COUNTIFS(J03_IDA!$A$38:$A$45,"A FAVOR",J03_IDA!$E$38:$E$45,A11),COUNTIFS(J04_IDA!$A$38:$A$45,"A FAVOR",J04_IDA!$E$38:$E$45,A11),COUNTIFS(J05_IDA!$A$38:$A$45,"A FAVOR",J05_IDA!$E$38:$E$45,A11),COUNTIFS(J06_IDA!$A$38:$A$45,"A FAVOR",J06_IDA!$E$38:$E$45,A11),COUNTIFS(J07_IDA!$A$38:$A$45,"A FAVOR",J07_IDA!$E$38:$E$45,A11),COUNTIFS(J08_IDA!$A$38:$A$45,"A FAVOR",J08_IDA!$E$38:$E$45,A11),COUNTIFS(J09_IDA!$A$38:$A$45,"A FAVOR",J09_IDA!$E$38:$E$45,A11),COUNTIFS(J10_IDA!$A$38:$A$45,"A FAVOR",J10_IDA!$E$38:$E$45,A11),COUNTIFS(J11_IDA!$A$38:$A$45,"A FAVOR",J11_IDA!$E$38:$E$45,A11),COUNTIFS(J12_IDA!$A$38:$A$45,"A FAVOR",J12_IDA!$E$38:$E$45,A11),COUNTIFS(J13_IDA!$A$38:$A$45,"A FAVOR",J13_IDA!$E$38:$E$45,A11),COUNTIFS(J01_VTA!$A$38:$A$45,"A FAVOR",J01_VTA!$E$38:$E$45,A11),COUNTIFS(J02_VTA!$A$38:$A$45,"A FAVOR",J02_VTA!$E$38:$E$45,A11),COUNTIFS(J03_VTA!$A$38:$A$45,"A FAVOR",J03_VTA!$E$38:$E$45,A11),COUNTIFS(J04_VTA!$A$38:$A$45,"A FAVOR",J04_VTA!$E$38:$E$45,A11),COUNTIFS(J05_VTA!$A$38:$A$45,"A FAVOR",J05_VTA!$E$38:$E$45,A11),COUNTIFS(J06_VTA!$A$38:$A$45,"A FAVOR",J06_VTA!$E$38:$E$45,A11),COUNTIFS(J07_VTA!$A$38:$A$45,"A FAVOR",J07_VTA!$E$38:$E$45,A11),COUNTIFS(J08_VTA!$A$38:$A$45,"A FAVOR",J08_VTA!$E$38:$E$45,A11),COUNTIFS(J09_VTA!$A$38:$A$45,"A FAVOR",J09_VTA!$E$38:$E$45,A11),COUNTIFS(J10_VTA!$A$38:$A$45,"A FAVOR",J10_VTA!$E$38:$E$45,A11),COUNTIFS(J11_VTA!$A$38:$A$45,"A FAVOR",J11_VTA!$E$38:$E$45,A11),COUNTIFS(J12_VTA!$A$38:$A$45,"A FAVOR",J12_VTA!$E$38:$E$45,A11),COUNTIFS(J13_VTA!$A$38:$A$45,"A FAVOR",J13_VTA!$E$38:$E$45,A11)) -> 0 | D11: =SUM(COUNTIFS(J01_IDA!$A$38:$A$45,"A FAVOR",J01_IDA!$H$38:$H$45,A11),COUNTIFS(J02_IDA!$A$38:$A$45,"A FAVOR",J02_IDA!$H$38:$H$45,A11),COUNTIFS(J03_IDA!$A$38:$A$45,"A FAVOR",J03_IDA!$H$38:$H$45,A11),COUNTIFS(J04_IDA!$A$38:$A$45,"A FAVOR",J04_IDA!$H$38:$H$45,A11),COUNTIFS(J05_IDA!$A$38:$A$45,"A FAVOR",J05_IDA!$H$38:$H$45,A11),COUNTIFS(J06_IDA!$A$38:$A$45,"A FAVOR",J06_IDA!$H$38:$H$45,A11),COUNTIFS(J07_IDA!$A$38:$A$45,"A FAVOR",J07_IDA!$H$38:$H$45,A11),COUNTIFS(J08_IDA!$A$38:$A$45,"A FAVOR",J08_IDA!$H$38:$H$45,A11),COUNTIFS(J09_IDA!$A$38:$A$45,"A FAVOR",J09_IDA!$H$38:$H$45,A11),COUNTIFS(J10_IDA!$A$38:$A$45,"A FAVOR",J10_IDA!$H$38:$H$45,A11),COUNTIFS(J11_IDA!$A$38:$A$45,"A FAVOR",J11_IDA!$H$38:$H$45,A11),COUNTIFS(J12_IDA!$A$38:$A$45,"A FAVOR",J12_IDA!$H$38:$H$45,A11),COUNTIFS(J13_IDA!$A$38:$A$45,"A FAVOR",J13_IDA!$H$38:$H$45,A11),COUNTIFS(J01_VTA!$A$38:$A$45,"A FAVOR",J01_VTA!$H$38:$H$45,A11),COUNTIFS(J02_VTA!$A$38:$A$45,"A FAVOR",J02_VTA!$H$38:$H$45,A11),COUNTIFS(J03_VTA!$A$38:$A$45,"A FAVOR",J03_VTA!$H$38:$H$45,A11),COUNTIFS(J04_VTA!$A$38:$A$45,"A FAVOR",J04_VTA!$H$38:$H$45,A11),COUNTIFS(J05_VTA!$A$38:$A$45,"A FAVOR",J05_VTA!$H$38:$H$45,A11),COUNTIFS(J06_VTA!$A$38:$A$45,"A FAVOR",J06_VTA!$H$38:$H$45,A11),COUNTIFS(J07_VTA!$A$38:$A$45,"A FAVOR",J07_VTA!$H$38:$H$45,A11),COUNTIFS(J08_VTA!$A$38:$A$45,"A FAVOR",J08_VTA!$H$38:$H$45,A11),COUNTIFS(J09_VTA!$A$38:$A$45,"A FAVOR",J09_VTA!$H$38:$H$45,A11),COUNTIFS(J10_VTA!$A$38:$A$45,"A FAVOR",J10_VTA!$H$38:$H$45,A11),COUNTIFS(J11_VTA!$A$38:$A$45,"A FAVOR",J11_VTA!$H$38:$H$45,A11),COUNTIFS(J12_VTA!$A$38:$A$45,"A FAVOR",J12_VTA!$H$38:$H$45,A11),COUNTIFS(J13_VTA!$A$38:$A$45,"A FAVOR",J13_VTA!$H$38:$H$45,A11)) -> 0 | E11: =SUM(COUNTIFS(J01_IDA!$A$38:$A$45,"EN CONTRA",J01_IDA!$E$38:$E$45,A11),COUNTIFS(J02_IDA!$A$38:$A$45,"EN CONTRA",J02_IDA!$E$38:$E$45,A11),COUNTIFS(J03_IDA!$A$38:$A$45,"EN CONTRA",J03_IDA!$E$38:$E$45,A11),COUNTIFS(J04_IDA!$A$38:$A$45,"EN CONTRA",J04_IDA!$E$38:$E$45,A11),COUNTIFS(J05_IDA!$A$38:$A$45,"EN CONTRA",J05_IDA!$E$38:$E$45,A11),COUNTIFS(J06_IDA!$A$38:$A$45,"EN CONTRA",J06_IDA!$E$38:$E$45,A11),COUNTIFS(J07_IDA!$A$38:$A$45,"EN CONTRA",J07_IDA!$E$38:$E$45,A11),COUNTIFS(J08_IDA!$A$38:$A$45,"EN CONTRA",J08_IDA!$E$38:$E$45,A11),COUNTIFS(J09_IDA!$A$38:$A$45,"EN CONTRA",J09_IDA!$E$38:$E$45,A11),COUNTIFS(J10_IDA!$A$38:$A$45,"EN CONTRA",J10_IDA!$E$38:$E$45,A11),COUNTIFS(J11_IDA!$A$38:$A$45,"EN CONTRA",J11_IDA!$E$38:$E$45,A11),COUNTIFS(J12_IDA!$A$38:$A$45,"EN CONTRA",J12_IDA!$E$38:$E$45,A11),COUNTIFS(J13_IDA!$A$38:$A$45,"EN CONTRA",J13_IDA!$E$38:$E$45,A11),COUNTIFS(J01_VTA!$A$38:$A$45,"EN CONTRA",J01_VTA!$E$38:$E$45,A11),COUNTIFS(J02_VTA!$A$38:$A$45,"EN CONTRA",J02_VTA!$E$38:$E$45,A11),COUNTIFS(J03_VTA!$A$38:$A$45,"EN CONTRA",J03_VTA!$E$38:$E$45,A11),COUNTIFS(J04_VTA!$A$38:$A$45,"EN CONTRA",J04_VTA!$E$38:$E$45,A11),COUNTIFS(J05_VTA!$A$38:$A$45,"EN CONTRA",J05_VTA!$E$38:$E$45,A11),COUNTIFS(J06_VTA!$A$38:$A$45,"EN CONTRA",J06_VTA!$E$38:$E$45,A11),COUNTIFS(J07_VTA!$A$38:$A$45,"EN CONTRA",J07_VTA!$E$38:$E$45,A11),COUNTIFS(J08_VTA!$A$38:$A$45,"EN CONTRA",J08_VTA!$E$38:$E$45,A11),COUNTIFS(J09_VTA!$A$38:$A$45,"EN CONTRA",J09_VTA!$E$38:$E$45,A11),COUNTIFS(J10_VTA!$A$38:$A$45,"EN CONTRA",J10_VTA!$E$38:$E$45,A11),COUNTIFS(J11_VTA!$A$38:$A$45,"EN CONTRA",J11_VTA!$E$38:$E$45,A11),COUNTIFS(J12_VTA!$A$38:$A$45,"EN CONTRA",J12_VTA!$E$38:$E$45,A11),COUNTIFS(J13_VTA!$A$38:$A$45,"EN CONTRA",J13_VTA!$E$38:$E$45,A11)) -> 0 | F11: =IF(A11="","",IFERROR(SUMPRODUCT((#REF!=A11)*(#REF!="A FAVOR")/COUNTIFS(#REF!,#REF!,#REF!,#REF!,#REF!,#REF!)),0)) -> 0 | G11: =IFERROR(LOOKUP(2,1/((#REF!=A11)*(#REF!="A FAVOR")),#REF!),"")
A12: =Jugadoras!C12 -> Caye | B12: =Jugadoras!E12 -> L.I. / M.C. | C12: =SUM(COUNTIFS(J01_IDA!$A$38:$A$45,"A FAVOR",J01_IDA!$E$38:$E$45,A12),COUNTIFS(J02_IDA!$A$38:$A$45,"A FAVOR",J02_IDA!$E$38:$E$45,A12),COUNTIFS(J03_IDA!$A$38:$A$45,"A FAVOR",J03_IDA!$E$38:$E$45,A12),COUNTIFS(J04_IDA!$A$38:$A$45,"A FAVOR",J04_IDA!$E$38:$E$45,A12),COUNTIFS(J05_IDA!$A$38:$A$45,"A FAVOR",J05_IDA!$E$38:$E$45,A12),COUNTIFS(J06_IDA!$A$38:$A$45,"A FAVOR",J06_IDA!$E$38:$E$45,A12),COUNTIFS(J07_IDA!$A$38:$A$45,"A FAVOR",J07_IDA!$E$38:$E$45,A12),COUNTIFS(J08_IDA!$A$38:$A$45,"A FAVOR",J08_IDA!$E$38:$E$45,A12),COUNTIFS(J09_IDA!$A$38:$A$45,"A FAVOR",J09_IDA!$E$38:$E$45,A12),COUNTIFS(J10_IDA!$A$38:$A$45,"A FAVOR",J10_IDA!$E$38:$E$45,A12),COUNTIFS(J11_IDA!$A$38:$A$45,"A FAVOR",J11_IDA!$E$38:$E$45,A12),COUNTIFS(J12_IDA!$A$38:$A$45,"A FAVOR",J12_IDA!$E$38:$E$45,A12),COUNTIFS(J13_IDA!$A$38:$A$45,"A FAVOR",J13_IDA!$E$38:$E$45,A12),COUNTIFS(J01_VTA!$A$38:$A$45,"A FAVOR",J01_VTA!$E$38:$E$45,A12),COUNTIFS(J02_VTA!$A$38:$A$45,"A FAVOR",J02_VTA!$E$38:$E$45,A12),COUNTIFS(J03_VTA!$A$38:$A$45,"A FAVOR",J03_VTA!$E$38:$E$45,A12),COUNTIFS(J04_VTA!$A$38:$A$45,"A FAVOR",J04_VTA!$E$38:$E$45,A12),COUNTIFS(J05_VTA!$A$38:$A$45,"A FAVOR",J05_VTA!$E$38:$E$45,A12),COUNTIFS(J06_VTA!$A$38:$A$45,"A FAVOR",J06_VTA!$E$38:$E$45,A12),COUNTIFS(J07_VTA!$A$38:$A$45,"A FAVOR",J07_VTA!$E$38:$E$45,A12),COUNTIFS(J08_VTA!$A$38:$A$45,"A FAVOR",J08_VTA!$E$38:$E$45,A12),COUNTIFS(J09_VTA!$A$38:$A$45,"A FAVOR",J09_VTA!$E$38:$E$45,A12),COUNTIFS(J10_VTA!$A$38:$A$45,"A FAVOR",J10_VTA!$E$38:$E$45,A12),COUNTIFS(J11_VTA!$A$38:$A$45,"A FAVOR",J11_VTA!$E$38:$E$45,A12),COUNTIFS(J12_VTA!$A$38:$A$45,"A FAVOR",J12_VTA!$E$38:$E$45,A12),COUNTIFS(J13_VTA!$A$38:$A$45,"A FAVOR",J13_VTA!$E$38:$E$45,A12)) -> 1 | D12: =SUM(COUNTIFS(J01_IDA!$A$38:$A$45,"A FAVOR",J01_IDA!$H$38:$H$45,A12),COUNTIFS(J02_IDA!$A$38:$A$45,"A FAVOR",J02_IDA!$H$38:$H$45,A12),COUNTIFS(J03_IDA!$A$38:$A$45,"A FAVOR",J03_IDA!$H$38:$H$45,A12),COUNTIFS(J04_IDA!$A$38:$A$45,"A FAVOR",J04_IDA!$H$38:$H$45,A12),COUNTIFS(J05_IDA!$A$38:$A$45,"A FAVOR",J05_IDA!$H$38:$H$45,A12),COUNTIFS(J06_IDA!$A$38:$A$45,"A FAVOR",J06_IDA!$H$38:$H$45,A12),COUNTIFS(J07_IDA!$A$38:$A$45,"A FAVOR",J07_IDA!$H$38:$H$45,A12),COUNTIFS(J08_IDA!$A$38:$A$45,"A FAVOR",J08_IDA!$H$38:$H$45,A12),COUNTIFS(J09_IDA!$A$38:$A$45,"A FAVOR",J09_IDA!$H$38:$H$45,A12),COUNTIFS(J10_IDA!$A$38:$A$45,"A FAVOR",J10_IDA!$H$38:$H$45,A12),COUNTIFS(J11_IDA!$A$38:$A$45,"A FAVOR",J11_IDA!$H$38:$H$45,A12),COUNTIFS(J12_IDA!$A$38:$A$45,"A FAVOR",J12_IDA!$H$38:$H$45,A12),COUNTIFS(J13_IDA!$A$38:$A$45,"A FAVOR",J13_IDA!$H$38:$H$45,A12),COUNTIFS(J01_VTA!$A$38:$A$45,"A FAVOR",J01_VTA!$H$38:$H$45,A12),COUNTIFS(J02_VTA!$A$38:$A$45,"A FAVOR",J02_VTA!$H$38:$H$45,A12),COUNTIFS(J03_VTA!$A$38:$A$45,"A FAVOR",J03_VTA!$H$38:$H$45,A12),COUNTIFS(J04_VTA!$A$38:$A$45,"A FAVOR",J04_VTA!$H$38:$H$45,A12),COUNTIFS(J05_VTA!$A$38:$A$45,"A FAVOR",J05_VTA!$H$38:$H$45,A12),COUNTIFS(J06_VTA!$A$38:$A$45,"A FAVOR",J06_VTA!$H$38:$H$45,A12),COUNTIFS(J07_VTA!$A$38:$A$45,"A FAVOR",J07_VTA!$H$38:$H$45,A12),COUNTIFS(J08_VTA!$A$38:$A$45,"A FAVOR",J08_VTA!$H$38:$H$45,A12),COUNTIFS(J09_VTA!$A$38:$A$45,"A FAVOR",J09_VTA!$H$38:$H$45,A12),COUNTIFS(J10_VTA!$A$38:$A$45,"A FAVOR",J10_VTA!$H$38:$H$45,A12),COUNTIFS(J11_VTA!$A$38:$A$45,"A FAVOR",J11_VTA!$H$38:$H$45,A12),COUNTIFS(J12_VTA!$A$38:$A$45,"A FAVOR",J12_VTA!$H$38:$H$45,A12),COUNTIFS(J13_VTA!$A$38:$A$45,"A FAVOR",J13_VTA!$H$38:$H$45,A12)) -> 0 | E12: =SUM(COUNTIFS(J01_IDA!$A$38:$A$45,"EN CONTRA",J01_IDA!$E$38:$E$45,A12),COUNTIFS(J02_IDA!$A$38:$A$45,"EN CONTRA",J02_IDA!$E$38:$E$45,A12),COUNTIFS(J03_IDA!$A$38:$A$45,"EN CONTRA",J03_IDA!$E$38:$E$45,A12),COUNTIFS(J04_IDA!$A$38:$A$45,"EN CONTRA",J04_IDA!$E$38:$E$45,A12),COUNTIFS(J05_IDA!$A$38:$A$45,"EN CONTRA",J05_IDA!$E$38:$E$45,A12),COUNTIFS(J06_IDA!$A$38:$A$45,"EN CONTRA",J06_IDA!$E$38:$E$45,A12),COUNTIFS(J07_IDA!$A$38:$A$45,"EN CONTRA",J07_IDA!$E$38:$E$45,A12),COUNTIFS(J08_IDA!$A$38:$A$45,"EN CONTRA",J08_IDA!$E$38:$E$45,A12),COUNTIFS(J09_IDA!$A$38:$A$45,"EN CONTRA",J09_IDA!$E$38:$E$45,A12),COUNTIFS(J10_IDA!$A$38:$A$45,"EN CONTRA",J10_IDA!$E$38:$E$45,A12),COUNTIFS(J11_IDA!$A$38:$A$45,"EN CONTRA",J11_IDA!$E$38:$E$45,A12),COUNTIFS(J12_IDA!$A$38:$A$45,"EN CONTRA",J12_IDA!$E$38:$E$45,A12),COUNTIFS(J13_IDA!$A$38:$A$45,"EN CONTRA",J13_IDA!$E$38:$E$45,A12),COUNTIFS(J01_VTA!$A$38:$A$45,"EN CONTRA",J01_VTA!$E$38:$E$45,A12),COUNTIFS(J02_VTA!$A$38:$A$45,"EN CONTRA",J02_VTA!$E$38:$E$45,A12),COUNTIFS(J03_VTA!$A$38:$A$45,"EN CONTRA",J03_VTA!$E$38:$E$45,A12),COUNTIFS(J04_VTA!$A$38:$A$45,"EN CONTRA",J04_VTA!$E$38:$E$45,A12),COUNTIFS(J05_VTA!$A$38:$A$45,"EN CONTRA",J05_VTA!$E$38:$E$45,A12),COUNTIFS(J06_VTA!$A$38:$A$45,"EN CONTRA",J06_VTA!$E$38:$E$45,A12),COUNTIFS(J07_VTA!$A$38:$A$45,"EN CONTRA",J07_VTA!$E$38:$E$45,A12),COUNTIFS(J08_VTA!$A$38:$A$45,"EN CONTRA",J08_VTA!$E$38:$E$45,A12),COUNTIFS(J09_VTA!$A$38:$A$45,"EN CONTRA",J09_VTA!$E$38:$E$45,A12),COUNTIFS(J10_VTA!$A$38:$A$45,"EN CONTRA",J10_VTA!$E$38:$E$45,A12),COUNTIFS(J11_VTA!$A$38:$A$45,"EN CONTRA",J11_VTA!$E$38:$E$45,A12),COUNTIFS(J12_VTA!$A$38:$A$45,"EN CONTRA",J12_VTA!$E$38:$E$45,A12),COUNTIFS(J13_VTA!$A$38:$A$45,"EN CONTRA",J13_VTA!$E$38:$E$45,A12)) -> 0 | F12: =IF(A12="","",IFERROR(SUMPRODUCT((#REF!=A12)*(#REF!="A FAVOR")/COUNTIFS(#REF!,#REF!,#REF!,#REF!,#REF!,#REF!)),0)) -> 0 | G12: =IFERROR(LOOKUP(2,1/((#REF!=A12)*(#REF!="A FAVOR")),#REF!),"")
A13: =Jugadoras!C13 -> Virginia | B13: =Jugadoras!E13 -> DELANTERA / EXT. | C13: =SUM(COUNTIFS(J01_IDA!$A$38:$A$45,"A FAVOR",J01_IDA!$E$38:$E$45,A13),COUNTIFS(J02_IDA!$A$38:$A$45,"A FAVOR",J02_IDA!$E$38:$E$45,A13),COUNTIFS(J03_IDA!$A$38:$A$45,"A FAVOR",J03_IDA!$E$38:$E$45,A13),COUNTIFS(J04_IDA!$A$38:$A$45,"A FAVOR",J04_IDA!$E$38:$E$45,A13),COUNTIFS(J05_IDA!$A$38:$A$45,"A FAVOR",J05_IDA!$E$38:$E$45,A13),COUNTIFS(J06_IDA!$A$38:$A$45,"A FAVOR",J06_IDA!$E$38:$E$45,A13),COUNTIFS(J07_IDA!$A$38:$A$45,"A FAVOR",J07_IDA!$E$38:$E$45,A13),COUNTIFS(J08_IDA!$A$38:$A$45,"A FAVOR",J08_IDA!$E$38:$E$45,A13),COUNTIFS(J09_IDA!$A$38:$A$45,"A FAVOR",J09_IDA!$E$38:$E$45,A13),COUNTIFS(J10_IDA!$A$38:$A$45,"A FAVOR",J10_IDA!$E$38:$E$45,A13),COUNTIFS(J11_IDA!$A$38:$A$45,"A FAVOR",J11_IDA!$E$38:$E$45,A13),COUNTIFS(J12_IDA!$A$38:$A$45,"A FAVOR",J12_IDA!$E$38:$E$45,A13),COUNTIFS(J13_IDA!$A$38:$A$45,"A FAVOR",J13_IDA!$E$38:$E$45,A13),COUNTIFS(J01_VTA!$A$38:$A$45,"A FAVOR",J01_VTA!$E$38:$E$45,A13),COUNTIFS(J02_VTA!$A$38:$A$45,"A FAVOR",J02_VTA!$E$38:$E$45,A13),COUNTIFS(J03_VTA!$A$38:$A$45,"A FAVOR",J03_VTA!$E$38:$E$45,A13),COUNTIFS(J04_VTA!$A$38:$A$45,"A FAVOR",J04_VTA!$E$38:$E$45,A13),COUNTIFS(J05_VTA!$A$38:$A$45,"A FAVOR",J05_VTA!$E$38:$E$45,A13),COUNTIFS(J06_VTA!$A$38:$A$45,"A FAVOR",J06_VTA!$E$38:$E$45,A13),COUNTIFS(J07_VTA!$A$38:$A$45,"A FAVOR",J07_VTA!$E$38:$E$45,A13),COUNTIFS(J08_VTA!$A$38:$A$45,"A FAVOR",J08_VTA!$E$38:$E$45,A13),COUNTIFS(J09_VTA!$A$38:$A$45,"A FAVOR",J09_VTA!$E$38:$E$45,A13),COUNTIFS(J10_VTA!$A$38:$A$45,"A FAVOR",J10_VTA!$E$38:$E$45,A13),COUNTIFS(J11_VTA!$A$38:$A$45,"A FAVOR",J11_VTA!$E$38:$E$45,A13),COUNTIFS(J12_VTA!$A$38:$A$45,"A FAVOR",J12_VTA!$E$38:$E$45,A13),COUNTIFS(J13_VTA!$A$38:$A$45,"A FAVOR",J13_VTA!$E$38:$E$45,A13)) -> 0 | D13: =SUM(COUNTIFS(J01_IDA!$A$38:$A$45,"A FAVOR",J01_IDA!$H$38:$H$45,A13),COUNTIFS(J02_IDA!$A$38:$A$45,"A FAVOR",J02_IDA!$H$38:$H$45,A13),COUNTIFS(J03_IDA!$A$38:$A$45,"A FAVOR",J03_IDA!$H$38:$H$45,A13),COUNTIFS(J04_IDA!$A$38:$A$45,"A FAVOR",J04_IDA!$H$38:$H$45,A13),COUNTIFS(J05_IDA!$A$38:$A$45,"A FAVOR",J05_IDA!$H$38:$H$45,A13),COUNTIFS(J06_IDA!$A$38:$A$45,"A FAVOR",J06_IDA!$H$38:$H$45,A13),COUNTIFS(J07_IDA!$A$38:$A$45,"A FAVOR",J07_IDA!$H$38:$H$45,A13),COUNTIFS(J08_IDA!$A$38:$A$45,"A FAVOR",J08_IDA!$H$38:$H$45,A13),COUNTIFS(J09_IDA!$A$38:$A$45,"A FAVOR",J09_IDA!$H$38:$H$45,A13),COUNTIFS(J10_IDA!$A$38:$A$45,"A FAVOR",J10_IDA!$H$38:$H$45,A13),COUNTIFS(J11_IDA!$A$38:$A$45,"A FAVOR",J11_IDA!$H$38:$H$45,A13),COUNTIFS(J12_IDA!$A$38:$A$45,"A FAVOR",J12_IDA!$H$38:$H$45,A13),COUNTIFS(J13_IDA!$A$38:$A$45,"A FAVOR",J13_IDA!$H$38:$H$45,A13),COUNTIFS(J01_VTA!$A$38:$A$45,"A FAVOR",J01_VTA!$H$38:$H$45,A13),COUNTIFS(J02_VTA!$A$38:$A$45,"A FAVOR",J02_VTA!$H$38:$H$45,A13),COUNTIFS(J03_VTA!$A$38:$A$45,"A FAVOR",J03_VTA!$H$38:$H$45,A13),COUNTIFS(J04_VTA!$A$38:$A$45,"A FAVOR",J04_VTA!$H$38:$H$45,A13),COUNTIFS(J05_VTA!$A$38:$A$45,"A FAVOR",J05_VTA!$H$38:$H$45,A13),COUNTIFS(J06_VTA!$A$38:$A$45,"A FAVOR",J06_VTA!$H$38:$H$45,A13),COUNTIFS(J07_VTA!$A$38:$A$45,"A FAVOR",J07_VTA!$H$38:$H$45,A13),COUNTIFS(J08_VTA!$A$38:$A$45,"A FAVOR",J08_VTA!$H$38:$H$45,A13),COUNTIFS(J09_VTA!$A$38:$A$45,"A FAVOR",J09_VTA!$H$38:$H$45,A13),COUNTIFS(J10_VTA!$A$38:$A$45,"A FAVOR",J10_VTA!$H$38:$H$45,A13),COUNTIFS(J11_VTA!$A$38:$A$45,"A FAVOR",J11_VTA!$H$38:$H$45,A13),COUNTIFS(J12_VTA!$A$38:$A$45,"A FAVOR",J12_VTA!$H$38:$H$45,A13),COUNTIFS(J13_VTA!$A$38:$A$45,"A FAVOR",J13_VTA!$H$38:$H$45,A13)) -> 0 | E13: =SUM(COUNTIFS(J01_IDA!$A$38:$A$45,"EN CONTRA",J01_IDA!$E$38:$E$45,A13),COUNTIFS(J02_IDA!$A$38:$A$45,"EN CONTRA",J02_IDA!$E$38:$E$45,A13),COUNTIFS(J03_IDA!$A$38:$A$45,"EN CONTRA",J03_IDA!$E$38:$E$45,A13),COUNTIFS(J04_IDA!$A$38:$A$45,"EN CONTRA",J04_IDA!$E$38:$E$45,A13),COUNTIFS(J05_IDA!$A$38:$A$45,"EN CONTRA",J05_IDA!$E$38:$E$45,A13),COUNTIFS(J06_IDA!$A$38:$A$45,"EN CONTRA",J06_IDA!$E$38:$E$45,A13),COUNTIFS(J07_IDA!$A$38:$A$45,"EN CONTRA",J07_IDA!$E$38:$E$45,A13),COUNTIFS(J08_IDA!$A$38:$A$45,"EN CONTRA",J08_IDA!$E$38:$E$45,A13),COUNTIFS(J09_IDA!$A$38:$A$45,"EN CONTRA",J09_IDA!$E$38:$E$45,A13),COUNTIFS(J10_IDA!$A$38:$A$45,"EN CONTRA",J10_IDA!$E$38:$E$45,A13),COUNTIFS(J11_IDA!$A$38:$A$45,"EN CONTRA",J11_IDA!$E$38:$E$45,A13),COUNTIFS(J12_IDA!$A$38:$A$45,"EN CONTRA",J12_IDA!$E$38:$E$45,A13),COUNTIFS(J13_IDA!$A$38:$A$45,"EN CONTRA",J13_IDA!$E$38:$E$45,A13),COUNTIFS(J01_VTA!$A$38:$A$45,"EN CONTRA",J01_VTA!$E$38:$E$45,A13),COUNTIFS(J02_VTA!$A$38:$A$45,"EN CONTRA",J02_VTA!$E$38:$E$45,A13),COUNTIFS(J03_VTA!$A$38:$A$45,"EN CONTRA",J03_VTA!$E$38:$E$45,A13),COUNTIFS(J04_VTA!$A$38:$A$45,"EN CONTRA",J04_VTA!$E$38:$E$45,A13),COUNTIFS(J05_VTA!$A$38:$A$45,"EN CONTRA",J05_VTA!$E$38:$E$45,A13),COUNTIFS(J06_VTA!$A$38:$A$45,"EN CONTRA",J06_VTA!$E$38:$E$45,A13),COUNTIFS(J07_VTA!$A$38:$A$45,"EN CONTRA",J07_VTA!$E$38:$E$45,A13),COUNTIFS(J08_VTA!$A$38:$A$45,"EN CONTRA",J08_VTA!$E$38:$E$45,A13),COUNTIFS(J09_VTA!$A$38:$A$45,"EN CONTRA",J09_VTA!$E$38:$E$45,A13),COUNTIFS(J10_VTA!$A$38:$A$45,"EN CONTRA",J10_VTA!$E$38:$E$45,A13),COUNTIFS(J11_VTA!$A$38:$A$45,"EN CONTRA",J11_VTA!$E$38:$E$45,A13),COUNTIFS(J12_VTA!$A$38:$A$45,"EN CONTRA",J12_VTA!$E$38:$E$45,A13),COUNTIFS(J13_VTA!$A$38:$A$45,"EN CONTRA",J13_VTA!$E$38:$E$45,A13)) -> 0 | F13: =IF(A13="","",IFERROR(SUMPRODUCT((#REF!=A13)*(#REF!="A FAVOR")/COUNTIFS(#REF!,#REF!,#REF!,#REF!,#REF!,#REF!)),0)) -> 0 | G13: =IFERROR(LOOKUP(2,1/((#REF!=A13)*(#REF!="A FAVOR")),#REF!),"")
A14: =Jugadoras!C14 -> Guzmán | B14: =Jugadoras!E14 -> M.P. / EXT. | C14: =SUM(COUNTIFS(J01_IDA!$A$38:$A$45,"A FAVOR",J01_IDA!$E$38:$E$45,A14),COUNTIFS(J02_IDA!$A$38:$A$45,"A FAVOR",J02_IDA!$E$38:$E$45,A14),COUNTIFS(J03_IDA!$A$38:$A$45,"A FAVOR",J03_IDA!$E$38:$E$45,A14),COUNTIFS(J04_IDA!$A$38:$A$45,"A FAVOR",J04_IDA!$E$38:$E$45,A14),COUNTIFS(J05_IDA!$A$38:$A$45,"A FAVOR",J05_IDA!$E$38:$E$45,A14),COUNTIFS(J06_IDA!$A$38:$A$45,"A FAVOR",J06_IDA!$E$38:$E$45,A14),COUNTIFS(J07_IDA!$A$38:$A$45,"A FAVOR",J07_IDA!$E$38:$E$45,A14),COUNTIFS(J08_IDA!$A$38:$A$45,"A FAVOR",J08_IDA!$E$38:$E$45,A14),COUNTIFS(J09_IDA!$A$38:$A$45,"A FAVOR",J09_IDA!$E$38:$E$45,A14),COUNTIFS(J10_IDA!$A$38:$A$45,"A FAVOR",J10_IDA!$E$38:$E$45,A14),COUNTIFS(J11_IDA!$A$38:$A$45,"A FAVOR",J11_IDA!$E$38:$E$45,A14),COUNTIFS(J12_IDA!$A$38:$A$45,"A FAVOR",J12_IDA!$E$38:$E$45,A14),COUNTIFS(J13_IDA!$A$38:$A$45,"A FAVOR",J13_IDA!$E$38:$E$45,A14),COUNTIFS(J01_VTA!$A$38:$A$45,"A FAVOR",J01_VTA!$E$38:$E$45,A14),COUNTIFS(J02_VTA!$A$38:$A$45,"A FAVOR",J02_VTA!$E$38:$E$45,A14),COUNTIFS(J03_VTA!$A$38:$A$45,"A FAVOR",J03_VTA!$E$38:$E$45,A14),COUNTIFS(J04_VTA!$A$38:$A$45,"A FAVOR",J04_VTA!$E$38:$E$45,A14),COUNTIFS(J05_VTA!$A$38:$A$45,"A FAVOR",J05_VTA!$E$38:$E$45,A14),COUNTIFS(J06_VTA!$A$38:$A$45,"A FAVOR",J06_VTA!$E$38:$E$45,A14),COUNTIFS(J07_VTA!$A$38:$A$45,"A FAVOR",J07_VTA!$E$38:$E$45,A14),COUNTIFS(J08_VTA!$A$38:$A$45,"A FAVOR",J08_VTA!$E$38:$E$45,A14),COUNTIFS(J09_VTA!$A$38:$A$45,"A FAVOR",J09_VTA!$E$38:$E$45,A14),COUNTIFS(J10_VTA!$A$38:$A$45,"A FAVOR",J10_VTA!$E$38:$E$45,A14),COUNTIFS(J11_VTA!$A$38:$A$45,"A FAVOR",J11_VTA!$E$38:$E$45,A14),COUNTIFS(J12_VTA!$A$38:$A$45,"A FAVOR",J12_VTA!$E$38:$E$45,A14),COUNTIFS(J13_VTA!$A$38:$A$45,"A FAVOR",J13_VTA!$E$38:$E$45,A14)) -> 0 | D14: =SUM(COUNTIFS(J01_IDA!$A$38:$A$45,"A FAVOR",J01_IDA!$H$38:$H$45,A14),COUNTIFS(J02_IDA!$A$38:$A$45,"A FAVOR",J02_IDA!$H$38:$H$45,A14),COUNTIFS(J03_IDA!$A$38:$A$45,"A FAVOR",J03_IDA!$H$38:$H$45,A14),COUNTIFS(J04_IDA!$A$38:$A$45,"A FAVOR",J04_IDA!$H$38:$H$45,A14),COUNTIFS(J05_IDA!$A$38:$A$45,"A FAVOR",J05_IDA!$H$38:$H$45,A14),COUNTIFS(J06_IDA!$A$38:$A$45,"A FAVOR",J06_IDA!$H$38:$H$45,A14),COUNTIFS(J07_IDA!$A$38:$A$45,"A FAVOR",J07_IDA!$H$38:$H$45,A14),COUNTIFS(J08_IDA!$A$38:$A$45,"A FAVOR",J08_IDA!$H$38:$H$45,A14),COUNTIFS(J09_IDA!$A$38:$A$45,"A FAVOR",J09_IDA!$H$38:$H$45,A14),COUNTIFS(J10_IDA!$A$38:$A$45,"A FAVOR",J10_IDA!$H$38:$H$45,A14),COUNTIFS(J11_IDA!$A$38:$A$45,"A FAVOR",J11_IDA!$H$38:$H$45,A14),COUNTIFS(J12_IDA!$A$38:$A$45,"A FAVOR",J12_IDA!$H$38:$H$45,A14),COUNTIFS(J13_IDA!$A$38:$A$45,"A FAVOR",J13_IDA!$H$38:$H$45,A14),COUNTIFS(J01_VTA!$A$38:$A$45,"A FAVOR",J01_VTA!$H$38:$H$45,A14),COUNTIFS(J02_VTA!$A$38:$A$45,"A FAVOR",J02_VTA!$H$38:$H$45,A14),COUNTIFS(J03_VTA!$A$38:$A$45,"A FAVOR",J03_VTA!$H$38:$H$45,A14),COUNTIFS(J04_VTA!$A$38:$A$45,"A FAVOR",J04_VTA!$H$38:$H$45,A14),COUNTIFS(J05_VTA!$A$38:$A$45,"A FAVOR",J05_VTA!$H$38:$H$45,A14),COUNTIFS(J06_VTA!$A$38:$A$45,"A FAVOR",J06_VTA!$H$38:$H$45,A14),COUNTIFS(J07_VTA!$A$38:$A$45,"A FAVOR",J07_VTA!$H$38:$H$45,A14),COUNTIFS(J08_VTA!$A$38:$A$45,"A FAVOR",J08_VTA!$H$38:$H$45,A14),COUNTIFS(J09_VTA!$A$38:$A$45,"A FAVOR",J09_VTA!$H$38:$H$45,A14),COUNTIFS(J10_VTA!$A$38:$A$45,"A FAVOR",J10_VTA!$H$38:$H$45,A14),COUNTIFS(J11_VTA!$A$38:$A$45,"A FAVOR",J11_VTA!$H$38:$H$45,A14),COUNTIFS(J12_VTA!$A$38:$A$45,"A FAVOR",J12_VTA!$H$38:$H$45,A14),COUNTIFS(J13_VTA!$A$38:$A$45,"A FAVOR",J13_VTA!$H$38:$H$45,A14)) -> 0 | E14: =SUM(COUNTIFS(J01_IDA!$A$38:$A$45,"EN CONTRA",J01_IDA!$E$38:$E$45,A14),COUNTIFS(J02_IDA!$A$38:$A$45,"EN CONTRA",J02_IDA!$E$38:$E$45,A14),COUNTIFS(J03_IDA!$A$38:$A$45,"EN CONTRA",J03_IDA!$E$38:$E$45,A14),COUNTIFS(J04_IDA!$A$38:$A$45,"EN CONTRA",J04_IDA!$E$38:$E$45,A14),COUNTIFS(J05_IDA!$A$38:$A$45,"EN CONTRA",J05_IDA!$E$38:$E$45,A14),COUNTIFS(J06_IDA!$A$38:$A$45,"EN CONTRA",J06_IDA!$E$38:$E$45,A14),COUNTIFS(J07_IDA!$A$38:$A$45,"EN CONTRA",J07_IDA!$E$38:$E$45,A14),COUNTIFS(J08_IDA!$A$38:$A$45,"EN CONTRA",J08_IDA!$E$38:$E$45,A14),COUNTIFS(J09_IDA!$A$38:$A$45,"EN CONTRA",J09_IDA!$E$38:$E$45,A14),COUNTIFS(J10_IDA!$A$38:$A$45,"EN CONTRA",J10_IDA!$E$38:$E$45,A14),COUNTIFS(J11_IDA!$A$38:$A$45,"EN CONTRA",J11_IDA!$E$38:$E$45,A14),COUNTIFS(J12_IDA!$A$38:$A$45,"EN CONTRA",J12_IDA!$E$38:$E$45,A14),COUNTIFS(J13_IDA!$A$38:$A$45,"EN CONTRA",J13_IDA!$E$38:$E$45,A14),COUNTIFS(J01_VTA!$A$38:$A$45,"EN CONTRA",J01_VTA!$E$38:$E$45,A14),COUNTIFS(J02_VTA!$A$38:$A$45,"EN CONTRA",J02_VTA!$E$38:$E$45,A14),COUNTIFS(J03_VTA!$A$38:$A$45,"EN CONTRA",J03_VTA!$E$38:$E$45,A14),COUNTIFS(J04_VTA!$A$38:$A$45,"EN CONTRA",J04_VTA!$E$38:$E$45,A14),COUNTIFS(J05_VTA!$A$38:$A$45,"EN CONTRA",J05_VTA!$E$38:$E$45,A14),COUNTIFS(J06_VTA!$A$38:$A$45,"EN CONTRA",J06_VTA!$E$38:$E$45,A14),COUNTIFS(J07_VTA!$A$38:$A$45,"EN CONTRA",J07_VTA!$E$38:$E$45,A14),COUNTIFS(J08_VTA!$A$38:$A$45,"EN CONTRA",J08_VTA!$E$38:$E$45,A14),COUNTIFS(J09_VTA!$A$38:$A$45,"EN CONTRA",J09_VTA!$E$38:$E$45,A14),COUNTIFS(J10_VTA!$A$38:$A$45,"EN CONTRA",J10_VTA!$E$38:$E$45,A14),COUNTIFS(J11_VTA!$A$38:$A$45,"EN CONTRA",J11_VTA!$E$38:$E$45,A14),COUNTIFS(J12_VTA!$A$38:$A$45,"EN CONTRA",J12_VTA!$E$38:$E$45,A14),COUNTIFS(J13_VTA!$A$38:$A$45,"EN CONTRA",J13_VTA!$E$38:$E$45,A14)) -> 0 | F14: =IF(A14="","",IFERROR(SUMPRODUCT((#REF!=A14)*(#REF!="A FAVOR")/COUNTIFS(#REF!,#REF!,#REF!,#REF!,#REF!,#REF!)),0)) -> 0 | G14: =IFERROR(LOOKUP(2,1/((#REF!=A14)*(#REF!="A FAVOR")),#REF!),"")
A15: =Jugadoras!C15 -> Mariana A. | B15: =Jugadoras!E15 -> EXT. | C15: =SUM(COUNTIFS(J01_IDA!$A$38:$A$45,"A FAVOR",J01_IDA!$E$38:$E$45,A15),COUNTIFS(J02_IDA!$A$38:$A$45,"A FAVOR",J02_IDA!$E$38:$E$45,A15),COUNTIFS(J03_IDA!$A$38:$A$45,"A FAVOR",J03_IDA!$E$38:$E$45,A15),COUNTIFS(J04_IDA!$A$38:$A$45,"A FAVOR",J04_IDA!$E$38:$E$45,A15),COUNTIFS(J05_IDA!$A$38:$A$45,"A FAVOR",J05_IDA!$E$38:$E$45,A15),COUNTIFS(J06_IDA!$A$38:$A$45,"A FAVOR",J06_IDA!$E$38:$E$45,A15),COUNTIFS(J07_IDA!$A$38:$A$45,"A FAVOR",J07_IDA!$E$38:$E$45,A15),COUNTIFS(J08_IDA!$A$38:$A$45,"A FAVOR",J08_IDA!$E$38:$E$45,A15),COUNTIFS(J09_IDA!$A$38:$A$45,"A FAVOR",J09_IDA!$E$38:$E$45,A15),COUNTIFS(J10_IDA!$A$38:$A$45,"A FAVOR",J10_IDA!$E$38:$E$45,A15),COUNTIFS(J11_IDA!$A$38:$A$45,"A FAVOR",J11_IDA!$E$38:$E$45,A15),COUNTIFS(J12_IDA!$A$38:$A$45,"A FAVOR",J12_IDA!$E$38:$E$45,A15),COUNTIFS(J13_IDA!$A$38:$A$45,"A FAVOR",J13_IDA!$E$38:$E$45,A15),COUNTIFS(J01_VTA!$A$38:$A$45,"A FAVOR",J01_VTA!$E$38:$E$45,A15),COUNTIFS(J02_VTA!$A$38:$A$45,"A FAVOR",J02_VTA!$E$38:$E$45,A15),COUNTIFS(J03_VTA!$A$38:$A$45,"A FAVOR",J03_VTA!$E$38:$E$45,A15),COUNTIFS(J04_VTA!$A$38:$A$45,"A FAVOR",J04_VTA!$E$38:$E$45,A15),COUNTIFS(J05_VTA!$A$38:$A$45,"A FAVOR",J05_VTA!$E$38:$E$45,A15),COUNTIFS(J06_VTA!$A$38:$A$45,"A FAVOR",J06_VTA!$E$38:$E$45,A15),COUNTIFS(J07_VTA!$A$38:$A$45,"A FAVOR",J07_VTA!$E$38:$E$45,A15),COUNTIFS(J08_VTA!$A$38:$A$45,"A FAVOR",J08_VTA!$E$38:$E$45,A15),COUNTIFS(J09_VTA!$A$38:$A$45,"A FAVOR",J09_VTA!$E$38:$E$45,A15),COUNTIFS(J10_VTA!$A$38:$A$45,"A FAVOR",J10_VTA!$E$38:$E$45,A15),COUNTIFS(J11_VTA!$A$38:$A$45,"A FAVOR",J11_VTA!$E$38:$E$45,A15),COUNTIFS(J12_VTA!$A$38:$A$45,"A FAVOR",J12_VTA!$E$38:$E$45,A15),COUNTIFS(J13_VTA!$A$38:$A$45,"A FAVOR",J13_VTA!$E$38:$E$45,A15)) -> 0 | D15: =SUM(COUNTIFS(J01_IDA!$A$38:$A$45,"A FAVOR",J01_IDA!$H$38:$H$45,A15),COUNTIFS(J02_IDA!$A$38:$A$45,"A FAVOR",J02_IDA!$H$38:$H$45,A15),COUNTIFS(J03_IDA!$A$38:$A$45,"A FAVOR",J03_IDA!$H$38:$H$45,A15),COUNTIFS(J04_IDA!$A$38:$A$45,"A FAVOR",J04_IDA!$H$38:$H$45,A15),COUNTIFS(J05_IDA!$A$38:$A$45,"A FAVOR",J05_IDA!$H$38:$H$45,A15),COUNTIFS(J06_IDA!$A$38:$A$45,"A FAVOR",J06_IDA!$H$38:$H$45,A15),COUNTIFS(J07_IDA!$A$38:$A$45,"A FAVOR",J07_IDA!$H$38:$H$45,A15),COUNTIFS(J08_IDA!$A$38:$A$45,"A FAVOR",J08_IDA!$H$38:$H$45,A15),COUNTIFS(J09_IDA!$A$38:$A$45,"A FAVOR",J09_IDA!$H$38:$H$45,A15),COUNTIFS(J10_IDA!$A$38:$A$45,"A FAVOR",J10_IDA!$H$38:$H$45,A15),COUNTIFS(J11_IDA!$A$38:$A$45,"A FAVOR",J11_IDA!$H$38:$H$45,A15),COUNTIFS(J12_IDA!$A$38:$A$45,"A FAVOR",J12_IDA!$H$38:$H$45,A15),COUNTIFS(J13_IDA!$A$38:$A$45,"A FAVOR",J13_IDA!$H$38:$H$45,A15),COUNTIFS(J01_VTA!$A$38:$A$45,"A FAVOR",J01_VTA!$H$38:$H$45,A15),COUNTIFS(J02_VTA!$A$38:$A$45,"A FAVOR",J02_VTA!$H$38:$H$45,A15),COUNTIFS(J03_VTA!$A$38:$A$45,"A FAVOR",J03_VTA!$H$38:$H$45,A15),COUNTIFS(J04_VTA!$A$38:$A$45,"A FAVOR",J04_VTA!$H$38:$H$45,A15),COUNTIFS(J05_VTA!$A$38:$A$45,"A FAVOR",J05_VTA!$H$38:$H$45,A15),COUNTIFS(J06_VTA!$A$38:$A$45,"A FAVOR",J06_VTA!$H$38:$H$45,A15),COUNTIFS(J07_VTA!$A$38:$A$45,"A FAVOR",J07_VTA!$H$38:$H$45,A15),COUNTIFS(J08_VTA!$A$38:$A$45,"A FAVOR",J08_VTA!$H$38:$H$45,A15),COUNTIFS(J09_VTA!$A$38:$A$45,"A FAVOR",J09_VTA!$H$38:$H$45,A15),COUNTIFS(J10_VTA!$A$38:$A$45,"A FAVOR",J10_VTA!$H$38:$H$45,A15),COUNTIFS(J11_VTA!$A$38:$A$45,"A FAVOR",J11_VTA!$H$38:$H$45,A15),COUNTIFS(J12_VTA!$A$38:$A$45,"A FAVOR",J12_VTA!$H$38:$H$45,A15),COUNTIFS(J13_VTA!$A$38:$A$45,"A FAVOR",J13_VTA!$H$38:$H$45,A15)) -> 1 | E15: =SUM(COUNTIFS(J01_IDA!$A$38:$A$45,"EN CONTRA",J01_IDA!$E$38:$E$45,A15),COUNTIFS(J02_IDA!$A$38:$A$45,"EN CONTRA",J02_IDA!$E$38:$E$45,A15),COUNTIFS(J03_IDA!$A$38:$A$45,"EN CONTRA",J03_IDA!$E$38:$E$45,A15),COUNTIFS(J04_IDA!$A$38:$A$45,"EN CONTRA",J04_IDA!$E$38:$E$45,A15),COUNTIFS(J05_IDA!$A$38:$A$45,"EN CONTRA",J05_IDA!$E$38:$E$45,A15),COUNTIFS(J06_IDA!$A$38:$A$45,"EN CONTRA",J06_IDA!$E$38:$E$45,A15),COUNTIFS(J07_IDA!$A$38:$A$45,"EN CONTRA",J07_IDA!$E$38:$E$45,A15),COUNTIFS(J08_IDA!$A$38:$A$45,"EN CONTRA",J08_IDA!$E$38:$E$45,A15),COUNTIFS(J09_IDA!$A$38:$A$45,"EN CONTRA",J09_IDA!$E$38:$E$45,A15),COUNTIFS(J10_IDA!$A$38:$A$45,"EN CONTRA",J10_IDA!$E$38:$E$45,A15),COUNTIFS(J11_IDA!$A$38:$A$45,"EN CONTRA",J11_IDA!$E$38:$E$45,A15),COUNTIFS(J12_IDA!$A$38:$A$45,"EN CONTRA",J12_IDA!$E$38:$E$45,A15),COUNTIFS(J13_IDA!$A$38:$A$45,"EN CONTRA",J13_IDA!$E$38:$E$45,A15),COUNTIFS(J01_VTA!$A$38:$A$45,"EN CONTRA",J01_VTA!$E$38:$E$45,A15),COUNTIFS(J02_VTA!$A$38:$A$45,"EN CONTRA",J02_VTA!$E$38:$E$45,A15),COUNTIFS(J03_VTA!$A$38:$A$45,"EN CONTRA",J03_VTA!$E$38:$E$45,A15),COUNTIFS(J04_VTA!$A$38:$A$45,"EN CONTRA",J04_VTA!$E$38:$E$45,A15),COUNTIFS(J05_VTA!$A$38:$A$45,"EN CONTRA",J05_VTA!$E$38:$E$45,A15),COUNTIFS(J06_VTA!$A$38:$A$45,"EN CONTRA",J06_VTA!$E$38:$E$45,A15),COUNTIFS(J07_VTA!$A$38:$A$45,"EN CONTRA",J07_VTA!$E$38:$E$45,A15),COUNTIFS(J08_VTA!$A$38:$A$45,"EN CONTRA",J08_VTA!$E$38:$E$45,A15),COUNTIFS(J09_VTA!$A$38:$A$45,"EN CONTRA",J09_VTA!$E$38:$E$45,A15),COUNTIFS(J10_VTA!$A$38:$A$45,"EN CONTRA",J10_VTA!$E$38:$E$45,A15),COUNTIFS(J11_VTA!$A$38:$A$45,"EN CONTRA",J11_VTA!$E$38:$E$45,A15),COUNTIFS(J12_VTA!$A$38:$A$45,"EN CONTRA",J12_VTA!$E$38:$E$45,A15),COUNTIFS(J13_VTA!$A$38:$A$45,"EN CONTRA",J13_VTA!$E$38:$E$45,A15)) -> 0 | F15: =IF(A15="","",IFERROR(SUMPRODUCT((#REF!=A15)*(#REF!="A FAVOR")/COUNTIFS(#REF!,#REF!,#REF!,#REF!,#REF!,#REF!)),0)) -> 0 | G15: =IFERROR(LOOKUP(2,1/((#REF!=A15)*(#REF!="A FAVOR")),#REF!),"")
A16: =Jugadoras!C16 -> Marta | B16: =Jugadoras!E16 -> CENTRAL | C16: =SUM(COUNTIFS(J01_IDA!$A$38:$A$45,"A FAVOR",J01_IDA!$E$38:$E$45,A16),COUNTIFS(J02_IDA!$A$38:$A$45,"A FAVOR",J02_IDA!$E$38:$E$45,A16),COUNTIFS(J03_IDA!$A$38:$A$45,"A FAVOR",J03_IDA!$E$38:$E$45,A16),COUNTIFS(J04_IDA!$A$38:$A$45,"A FAVOR",J04_IDA!$E$38:$E$45,A16),COUNTIFS(J05_IDA!$A$38:$A$45,"A FAVOR",J05_IDA!$E$38:$E$45,A16),COUNTIFS(J06_IDA!$A$38:$A$45,"A FAVOR",J06_IDA!$E$38:$E$45,A16),COUNTIFS(J07_IDA!$A$38:$A$45,"A FAVOR",J07_IDA!$E$38:$E$45,A16),COUNTIFS(J08_IDA!$A$38:$A$45,"A FAVOR",J08_IDA!$E$38:$E$45,A16),COUNTIFS(J09_IDA!$A$38:$A$45,"A FAVOR",J09_IDA!$E$38:$E$45,A16),COUNTIFS(J10_IDA!$A$38:$A$45,"A FAVOR",J10_IDA!$E$38:$E$45,A16),COUNTIFS(J11_IDA!$A$38:$A$45,"A FAVOR",J11_IDA!$E$38:$E$45,A16),COUNTIFS(J12_IDA!$A$38:$A$45,"A FAVOR",J12_IDA!$E$38:$E$45,A16),COUNTIFS(J13_IDA!$A$38:$A$45,"A FAVOR",J13_IDA!$E$38:$E$45,A16),COUNTIFS(J01_VTA!$A$38:$A$45,"A FAVOR",J01_VTA!$E$38:$E$45,A16),COUNTIFS(J02_VTA!$A$38:$A$45,"A FAVOR",J02_VTA!$E$38:$E$45,A16),COUNTIFS(J03_VTA!$A$38:$A$45,"A FAVOR",J03_VTA!$E$38:$E$45,A16),COUNTIFS(J04_VTA!$A$38:$A$45,"A FAVOR",J04_VTA!$E$38:$E$45,A16),COUNTIFS(J05_VTA!$A$38:$A$45,"A FAVOR",J05_VTA!$E$38:$E$45,A16),COUNTIFS(J06_VTA!$A$38:$A$45,"A FAVOR",J06_VTA!$E$38:$E$45,A16),COUNTIFS(J07_VTA!$A$38:$A$45,"A FAVOR",J07_VTA!$E$38:$E$45,A16),COUNTIFS(J08_VTA!$A$38:$A$45,"A FAVOR",J08_VTA!$E$38:$E$45,A16),COUNTIFS(J09_VTA!$A$38:$A$45,"A FAVOR",J09_VTA!$E$38:$E$45,A16),COUNTIFS(J10_VTA!$A$38:$A$45,"A FAVOR",J10_VTA!$E$38:$E$45,A16),COUNTIFS(J11_VTA!$A$38:$A$45,"A FAVOR",J11_VTA!$E$38:$E$45,A16),COUNTIFS(J12_VTA!$A$38:$A$45,"A FAVOR",J12_VTA!$E$38:$E$45,A16),COUNTIFS(J13_VTA!$A$38:$A$45,"A FAVOR",J13_VTA!$E$38:$E$45,A16)) -> 0 | D16: =SUM(COUNTIFS(J01_IDA!$A$38:$A$45,"A FAVOR",J01_IDA!$H$38:$H$45,A16),COUNTIFS(J02_IDA!$A$38:$A$45,"A FAVOR",J02_IDA!$H$38:$H$45,A16),COUNTIFS(J03_IDA!$A$38:$A$45,"A FAVOR",J03_IDA!$H$38:$H$45,A16),COUNTIFS(J04_IDA!$A$38:$A$45,"A FAVOR",J04_IDA!$H$38:$H$45,A16),COUNTIFS(J05_IDA!$A$38:$A$45,"A FAVOR",J05_IDA!$H$38:$H$45,A16),COUNTIFS(J06_IDA!$A$38:$A$45,"A FAVOR",J06_IDA!$H$38:$H$45,A16),COUNTIFS(J07_IDA!$A$38:$A$45,"A FAVOR",J07_IDA!$H$38:$H$45,A16),COUNTIFS(J08_IDA!$A$38:$A$45,"A FAVOR",J08_IDA!$H$38:$H$45,A16),COUNTIFS(J09_IDA!$A$38:$A$45,"A FAVOR",J09_IDA!$H$38:$H$45,A16),COUNTIFS(J10_IDA!$A$38:$A$45,"A FAVOR",J10_IDA!$H$38:$H$45,A16),COUNTIFS(J11_IDA!$A$38:$A$45,"A FAVOR",J11_IDA!$H$38:$H$45,A16),COUNTIFS(J12_IDA!$A$38:$A$45,"A FAVOR",J12_IDA!$H$38:$H$45,A16),COUNTIFS(J13_IDA!$A$38:$A$45,"A FAVOR",J13_IDA!$H$38:$H$45,A16),COUNTIFS(J01_VTA!$A$38:$A$45,"A FAVOR",J01_VTA!$H$38:$H$45,A16),COUNTIFS(J02_VTA!$A$38:$A$45,"A FAVOR",J02_VTA!$H$38:$H$45,A16),COUNTIFS(J03_VTA!$A$38:$A$45,"A FAVOR",J03_VTA!$H$38:$H$45,A16),COUNTIFS(J04_VTA!$A$38:$A$45,"A FAVOR",J04_VTA!$H$38:$H$45,A16),COUNTIFS(J05_VTA!$A$38:$A$45,"A FAVOR",J05_VTA!$H$38:$H$45,A16),COUNTIFS(J06_VTA!$A$38:$A$45,"A FAVOR",J06_VTA!$H$38:$H$45,A16),COUNTIFS(J07_VTA!$A$38:$A$45,"A FAVOR",J07_VTA!$H$38:$H$45,A16),COUNTIFS(J08_VTA!$A$38:$A$45,"A FAVOR",J08_VTA!$H$38:$H$45,A16),COUNTIFS(J09_VTA!$A$38:$A$45,"A FAVOR",J09_VTA!$H$38:$H$45,A16),COUNTIFS(J10_VTA!$A$38:$A$45,"A FAVOR",J10_VTA!$H$38:$H$45,A16),COUNTIFS(J11_VTA!$A$38:$A$45,"A FAVOR",J11_VTA!$H$38:$H$45,A16),COUNTIFS(J12_VTA!$A$38:$A$45,"A FAVOR",J12_VTA!$H$38:$H$45,A16),COUNTIFS(J13_VTA!$A$38:$A$45,"A FAVOR",J13_VTA!$H$38:$H$45,A16)) -> 0 | E16: =SUM(COUNTIFS(J01_IDA!$A$38:$A$45,"EN CONTRA",J01_IDA!$E$38:$E$45,A16),COUNTIFS(J02_IDA!$A$38:$A$45,"EN CONTRA",J02_IDA!$E$38:$E$45,A16),COUNTIFS(J03_IDA!$A$38:$A$45,"EN CONTRA",J03_IDA!$E$38:$E$45,A16),COUNTIFS(J04_IDA!$A$38:$A$45,"EN CONTRA",J04_IDA!$E$38:$E$45,A16),COUNTIFS(J05_IDA!$A$38:$A$45,"EN CONTRA",J05_IDA!$E$38:$E$45,A16),COUNTIFS(J06_IDA!$A$38:$A$45,"EN CONTRA",J06_IDA!$E$38:$E$45,A16),COUNTIFS(J07_IDA!$A$38:$A$45,"EN CONTRA",J07_IDA!$E$38:$E$45,A16),COUNTIFS(J08_IDA!$A$38:$A$45,"EN CONTRA",J08_IDA!$E$38:$E$45,A16),COUNTIFS(J09_IDA!$A$38:$A$45,"EN CONTRA",J09_IDA!$E$38:$E$45,A16),COUNTIFS(J10_IDA!$A$38:$A$45,"EN CONTRA",J10_IDA!$E$38:$E$45,A16),COUNTIFS(J11_IDA!$A$38:$A$45,"EN CONTRA",J11_IDA!$E$38:$E$45,A16),COUNTIFS(J12_IDA!$A$38:$A$45,"EN CONTRA",J12_IDA!$E$38:$E$45,A16),COUNTIFS(J13_IDA!$A$38:$A$45,"EN CONTRA",J13_IDA!$E$38:$E$45,A16),COUNTIFS(J01_VTA!$A$38:$A$45,"EN CONTRA",J01_VTA!$E$38:$E$45,A16),COUNTIFS(J02_VTA!$A$38:$A$45,"EN CONTRA",J02_VTA!$E$38:$E$45,A16),COUNTIFS(J03_VTA!$A$38:$A$45,"EN CONTRA",J03_VTA!$E$38:$E$45,A16),COUNTIFS(J04_VTA!$A$38:$A$45,"EN CONTRA",J04_VTA!$E$38:$E$45,A16),COUNTIFS(J05_VTA!$A$38:$A$45,"EN CONTRA",J05_VTA!$E$38:$E$45,A16),COUNTIFS(J06_VTA!$A$38:$A$45,"EN CONTRA",J06_VTA!$E$38:$E$45,A16),COUNTIFS(J07_VTA!$A$38:$A$45,"EN CONTRA",J07_VTA!$E$38:$E$45,A16),COUNTIFS(J08_VTA!$A$38:$A$45,"EN CONTRA",J08_VTA!$E$38:$E$45,A16),COUNTIFS(J09_VTA!$A$38:$A$45,"EN CONTRA",J09_VTA!$E$38:$E$45,A16),COUNTIFS(J10_VTA!$A$38:$A$45,"EN CONTRA",J10_VTA!$E$38:$E$45,A16),COUNTIFS(J11_VTA!$A$38:$A$45,"EN CONTRA",J11_VTA!$E$38:$E$45,A16),COUNTIFS(J12_VTA!$A$38:$A$45,"EN CONTRA",J12_VTA!$E$38:$E$45,A16),COUNTIFS(J13_VTA!$A$38:$A$45,"EN CONTRA",J13_VTA!$E$38:$E$45,A16)) -> 0 | F16: =IF(A16="","",IFERROR(SUMPRODUCT((#REF!=A16)*(#REF!="A FAVOR")/COUNTIFS(#REF!,#REF!,#REF!,#REF!,#REF!,#REF!)),0)) -> 0 | G16: =IFERROR(LOOKUP(2,1/((#REF!=A16)*(#REF!="A FAVOR")),#REF!),"")
... A27: =Jugadoras!C27 -> Paula | B27: =Jugadoras!E27 -> M.C. | C27: =SUM(COUNTIFS(J01_IDA!$A$38:$A$45,"A FAVOR",J01_IDA!$E$38:$E$45,A27),COUNTIFS(J02_IDA!$A$38:$A$45,"A FAVOR",J02_IDA!$E$38:$E$45,A27),COUNTIFS(J03_IDA!$A$38:$A$45,"A FAVOR",J03_IDA!$E$38:$E$45,A27),COUNTIFS(J04_IDA!$A$38:$A$45,"A FAVOR",J04_IDA!$E$38:$E$45,A27),COUNTIFS(J05_IDA!$A$38:$A$45,"A FAVOR",J05_IDA!$E$38:$E$45,A27),COUNTIFS(J06_IDA!$A$38:$A$45,"A FAVOR",J06_IDA!$E$38:$E$45,A27),COUNTIFS(J07_IDA!$A$38:$A$45,"A FAVOR",J07_IDA!$E$38:$E$45,A27),COUNTIFS(J08_IDA!$A$38:$A$45,"A FAVOR",J08_IDA!$E$38:$E$45,A27),COUNTIFS(J09_IDA!$A$38:$A$45,"A FAVOR",J09_IDA!$E$38:$E$45,A27),COUNTIFS(J10_IDA!$A$38:$A$45,"A FAVOR",J10_IDA!$E$38:$E$45,A27),COUNTIFS(J11_IDA!$A$38:$A$45,"A FAVOR",J11_IDA!$E$38:$E$45,A27),COUNTIFS(J12_IDA!$A$38:$A$45,"A FAVOR",J12_IDA!$E$38:$E$45,A27),COUNTIFS(J13_IDA!$A$38:$A$45,"A FAVOR",J13_IDA!$E$38:$E$45,A27),COUNTIFS(J01_VTA!$A$38:$A$45,"A FAVOR",J01_VTA!$E$38:$E$45,A27),COUNTIFS(J02_VTA!$A$38:$A$45,"A FAVOR",J02_VTA!$E$38:$E$45,A27),COUNTIFS(J03_VTA!$A$38:$A$45,"A FAVOR",J03_VTA!$E$38:$E$45,A27),COUNTIFS(J04_VTA!$A$38:$A$45,"A FAVOR",J04_VTA!$E$38:$E$45,A27),COUNTIFS(J05_VTA!$A$38:$A$45,"A FAVOR",J05_VTA!$E$38:$E$45,A27),COUNTIFS(J06_VTA!$A$38:$A$45,"A FAVOR",J06_VTA!$E$38:$E$45,A27),COUNTIFS(J07_VTA!$A$38:$A$45,"A FAVOR",J07_VTA!$E$38:$E$45,A27),COUNTIFS(J08_VTA!$A$38:$A$45,"A FAVOR",J08_VTA!$E$38:$E$45,A27),COUNTIFS(J09_VTA!$A$38:$A$45,"A FAVOR",J09_VTA!$E$38:$E$45,A27),COUNTIFS(J10_VTA!$A$38:$A$45,"A FAVOR",J10_VTA!$E$38:$E$45,A27),COUNTIFS(J11_VTA!$A$38:$A$45,"A FAVOR",J11_VTA!$E$38:$E$45,A27),COUNTIFS(J12_VTA!$A$38:$A$45,"A FAVOR",J12_VTA!$E$38:$E$45,A27),COUNTIFS(J13_VTA!$A$38:$A$45,"A FAVOR",J13_VTA!$E$38:$E$45,A27)) -> 0 | D27: =SUM(COUNTIFS(J01_IDA!$A$38:$A$45,"A FAVOR",J01_IDA!$H$38:$H$45,A27),COUNTIFS(J02_IDA!$A$38:$A$45,"A FAVOR",J02_IDA!$H$38:$H$45,A27),COUNTIFS(J03_IDA!$A$38:$A$45,"A FAVOR",J03_IDA!$H$38:$H$45,A27),COUNTIFS(J04_IDA!$A$38:$A$45,"A FAVOR",J04_IDA!$H$38:$H$45,A27),COUNTIFS(J05_IDA!$A$38:$A$45,"A FAVOR",J05_IDA!$H$38:$H$45,A27),COUNTIFS(J06_IDA!$A$38:$A$45,"A FAVOR",J06_IDA!$H$38:$H$45,A27),COUNTIFS(J07_IDA!$A$38:$A$45,"A FAVOR",J07_IDA!$H$38:$H$45,A27),COUNTIFS(J08_IDA!$A$38:$A$45,"A FAVOR",J08_IDA!$H$38:$H$45,A27),COUNTIFS(J09_IDA!$A$38:$A$45,"A FAVOR",J09_IDA!$H$38:$H$45,A27),COUNTIFS(J10_IDA!$A$38:$A$45,"A FAVOR",J10_IDA!$H$38:$H$45,A27),COUNTIFS(J11_IDA!$A$38:$A$45,"A FAVOR",J11_IDA!$H$38:$H$45,A27),COUNTIFS(J12_IDA!$A$38:$A$45,"A FAVOR",J12_IDA!$H$38:$H$45,A27),COUNTIFS(J13_IDA!$A$38:$A$45,"A FAVOR",J13_IDA!$H$38:$H$45,A27),COUNTIFS(J01_VTA!$A$38:$A$45,"A FAVOR",J01_VTA!$H$38:$H$45,A27),COUNTIFS(J02_VTA!$A$38:$A$45,"A FAVOR",J02_VTA!$H$38:$H$45,A27),COUNTIFS(J03_VTA!$A$38:$A$45,"A FAVOR",J03_VTA!$H$38:$H$45,A27),COUNTIFS(J04_VTA!$A$38:$A$45,"A FAVOR",J04_VTA!$H$38:$H$45,A27),COUNTIFS(J05_VTA!$A$38:$A$45,"A FAVOR",J05_VTA!$H$38:$H$45,A27),COUNTIFS(J06_VTA!$A$38:$A$45,"A FAVOR",J06_VTA!$H$38:$H$45,A27),COUNTIFS(J07_VTA!$A$38:$A$45,"A FAVOR",J07_VTA!$H$38:$H$45,A27),COUNTIFS(J08_VTA!$A$38:$A$45,"A FAVOR",J08_VTA!$H$38:$H$45,A27),COUNTIFS(J09_VTA!$A$38:$A$45,"A FAVOR",J09_VTA!$H$38:$H$45,A27),COUNTIFS(J10_VTA!$A$38:$A$45,"A FAVOR",J10_VTA!$H$38:$H$45,A27),COUNTIFS(J11_VTA!$A$38:$A$45,"A FAVOR",J11_VTA!$H$38:$H$45,A27),COUNTIFS(J12_VTA!$A$38:$A$45,"A FAVOR",J12_VTA!$H$38:$H$45,A27),COUNTIFS(J13_VTA!$A$38:$A$45,"A FAVOR",J13_VTA!$H$38:$H$45,A27)) -> 0 | E27: =SUM(COUNTIFS(J01_IDA!$A$38:$A$45,"EN CONTRA",J01_IDA!$E$38:$E$45,A27),COUNTIFS(J02_IDA!$A$38:$A$45,"EN CONTRA",J02_IDA!$E$38:$E$45,A27),COUNTIFS(J03_IDA!$A$38:$A$45,"EN CONTRA",J03_IDA!$E$38:$E$45,A27),COUNTIFS(J04_IDA!$A$38:$A$45,"EN CONTRA",J04_IDA!$E$38:$E$45,A27),COUNTIFS(J05_IDA!$A$38:$A$45,"EN CONTRA",J05_IDA!$E$38:$E$45,A27),COUNTIFS(J06_IDA!$A$38:$A$45,"EN CONTRA",J06_IDA!$E$38:$E$45,A27),COUNTIFS(J07_IDA!$A$38:$A$45,"EN CONTRA",J07_IDA!$E$38:$E$45,A27),COUNTIFS(J08_IDA!$A$38:$A$45,"EN CONTRA",J08_IDA!$E$38:$E$45,A27),COUNTIFS(J09_IDA!$A$38:$A$45,"EN CONTRA",J09_IDA!$E$38:$E$45,A27),COUNTIFS(J10_IDA!$A$38:$A$45,"EN CONTRA",J10_IDA!$E$38:$E$45,A27),COUNTIFS(J11_IDA!$A$38:$A$45,"EN CONTRA",J11_IDA!$E$38:$E$45,A27),COUNTIFS(J12_IDA!$A$38:$A$45,"EN CONTRA",J12_IDA!$E$38:$E$45,A27),COUNTIFS(J13_IDA!$A$38:$A$45,"EN CONTRA",J13_IDA!$E$38:$E$45,A27),COUNTIFS(J01_VTA!$A$38:$A$45,"EN CONTRA",J01_VTA!$E$38:$E$45,A27),COUNTIFS(J02_VTA!$A$38:$A$45,"EN CONTRA",J02_VTA!$E$38:$E$45,A27),COUNTIFS(J03_VTA!$A$38:$A$45,"EN CONTRA",J03_VTA!$E$38:$E$45,A27),COUNTIFS(J04_VTA!$A$38:$A$45,"EN CONTRA",J04_VTA!$E$38:$E$45,A27),COUNTIFS(J05_VTA!$A$38:$A$45,"EN CONTRA",J05_VTA!$E$38:$E$45,A27),COUNTIFS(J06_VTA!$A$38:$A$45,"EN CONTRA",J06_VTA!$E$38:$E$45,A27),COUNTIFS(J07_VTA!$A$38:$A$45,"EN CONTRA",J07_VTA!$E$38:$E$45,A27),COUNTIFS(J08_VTA!$A$38:$A$45,"EN CONTRA",J08_VTA!$E$38:$E$45,A27),COUNTIFS(J09_VTA!$A$38:$A$45,"EN CONTRA",J09_VTA!$E$38:$E$45,A27),COUNTIFS(J10_VTA!$A$38:$A$45,"EN CONTRA",J10_VTA!$E$38:$E$45,A27),COUNTIFS(J11_VTA!$A$38:$A$45,"EN CONTRA",J11_VTA!$E$38:$E$45,A27),COUNTIFS(J12_VTA!$A$38:$A$45,"EN CONTRA",J12_VTA!$E$38:$E$45,A27),COUNTIFS(J13_VTA!$A$38:$A$45,"EN CONTRA",J13_VTA!$E$38:$E$45,A27)) -> 0 | F27: =IF(A27="","",IFERROR(SUMPRODUCT((#REF!=A27)*(#REF!="A FAVOR")/COUNTIFS(#REF!,#REF!,#REF!,#REF!,#REF!,#REF!)),0)) -> 0 | G27: =IFERROR(LOOKUP(2,1/((#REF!=A27)*(#REF!="A FAVOR")),#REF!),"")

Sheet Jugadoras
A1: PLANTILLA CÁDIZ C.F. CADETE FEMENINO · 2026/2027
A2: Plantilla incorporada desde Plantilla 26-27.pdf. Los teléfonos se mantienen en una columna oculta por privacidad.
A4: ID JUGADORA | B4: DORSAL | C4: NOMBRE DEPORTIVO | D4: NOMBRE Y APELLIDOS | E4: POSICIÓN | F4: POLIVALENTE | G4: F. NACIMIENTO | H4: CLUB PROCEDENCIA | I4: ACTIVA | J4: TELÉFONO
A5: JUG-01 | B5: 1 | C5: Julia | E5: PORTERA | H5: Guada | I5: SÍ
A6: JUG-02 | B6: 2 | C6: Alba | E6: L.D. | H6: Medina B. | I6: SÍ
A7: JUG-03 | B7: 3 | C7: Margarita | E7: L.I. | H7: Cádiz C.F. | I7: SÍ
A8: JUG-04 | B8: 4 | C8: Valentina | E8: CENTRAL / M.C. | F8: X | H8: Algeciras F.S. | I8: SÍ
A9: JUG-05 | B9: 5 | C9: Ainhoa | E9: CENTRAL | H9: Cádiz C.F. | I9: SÍ
A10: JUG-06 | B10: 6 | C10: Patri | E10: M.C. | H10: Cádiz C.F. | I10: SÍ
A11: JUG-07 | B11: 7 | C11: Nerea | E11: EXT. | H11: Cádiz C.F. | I11: SÍ
A12: JUG-08 | B12: 8 | C12: Caye | E12: L.I. / M.C. | H12: Xerez C.F. | I12: SÍ
A13: JUG-09 | B13: 9 | C13: Virginia | E13: DELANTERA / EXT. | F13: X | H13: Cádiz C.F. | I13: SÍ
A14: JUG-10 | B14: 10 | C14: Guzmán | E14: M.P. / EXT. | F14: X | H14: Cádiz C.F. | I14: SÍ
A15: JUG-11 | B15: 11 | C15: Mariana A. | E15: EXT. | H15: Cádiz C.F. | I15: SÍ
A16: JUG-12 | B16: 12 | C16: Marta | E16: CENTRAL | H16: Doña Blanca | I16: SÍ
A17: JUG-13 | B17: 13 | C17: Carlota | E17: PORTERA | H17: San Roque | I17: SÍ
A18: JUG-14 | B18: 14 | C18: Ari | E18: EXT. / DEL. | H18: Guada | I18: SÍ
A19: JUG-15 | B19: 15 | C19: Lucía M. | E19: EXT. | H19: Algeciras F.S. | I19: SÍ
A20: JUG-16 | B20: 16 | C20: Ana | E20: DELANTERA / M.P. | H20: Burreños C.F. | I20: SÍ
A21: JUG-17 | B21: 17 | C21: Marta G. | E21: M.C. | H21: C.D. Ronda U.D. | I21: SÍ
A22: JUG-18 | B22: 18 | C22: Rocío | E22: M.C. | H22: Cádiz C.F. | I22: SÍ
A23: JUG-19 | B23: 19 | C23: Mariana | E23: PORTERA | H23: Ciudad de Cádiz | I23: SÍ
A24: JUG-20 | B24: 20 | C24: Mariel | E24: L.I. / L.D. / CENTRAL | F24: X | H24: Cádiz C.F. | I24: SÍ
A25: JUG-21 | B25: 21 | C25: Adri | E25: M.P. | H25: Safa | I25: SÍ
A26: JUG-22 | B26: 22 | C26: Lucía R. | E26: DELANTERA | H26: Cádiz C.F. | I26: SÍ
A27: JUG-23 | B27: 23 | C27: Paula | E27: M.C. | H27: Ciudad de Cádiz | I27: SÍ
A28: =IF(C28="","","JUG-"&TEXT(B28,"00")) | I28: NO
A29: =IF(C29="","","JUG-"&TEXT(B29,"00")) | I29: NO
A32: CUADRO GENERAL DE POSICIONES (PDF)
A33: Porteras | B33: 3
A34: L. Derecha | B34: 1
A35: L. Izquierda | B35: 1
A36: Centrales | B36: 4
A37: M.C. | B37: 5
A38: Extremos | B38: 4
A39: M.P. | B39: 2
A40: Delanteras | B40: 3
A41: TOTAL | B41: 23

Sheet Cromos jugadoras
A1: CÁDIZ C.F. - CROMOS DE JUGADORAS 2026/2027
A2: Fotografías enlazadas por nombre deportivo. Los espacios pendientes podrán sustituirse cuando se incorporen nuevas imágenes.
A4: #01 JULIA | F4: #02 ALBA | K4: #03 MARGARITA
A16: PORTERA | F16: L.D. | K16: L.I.
A17: MINUTOS | B17: GOLES | C17: ASIST. | D17: CÁDIZ C.F. | E17: G. REC. | F17: MINUTOS | G17: GOLES | H17: ASIST. | I17: CÁDIZ C.F. | J17: G. REC. | K17: MINUTOS | L17: GOLES | M17: ASIST. | N17: CÁDIZ C.F. | O17: G. REC.
A18: ='Seguimiento partidos'!G6 -> 45 | B18: ='Seguimiento partidos'!H6 -> 0 | C18: ='Seguimiento partidos'!I6 -> 0 | E18: ='Seguimiento partidos'!M6 -> 0 | F18: ='Seguimiento partidos'!G7 -> 63 | G18: ='Seguimiento partidos'!H7 -> 0 | H18: ='Seguimiento partidos'!I7 -> 0 | J18: ='Seguimiento partidos'!M7 -> 0 | K18: ='Seguimiento partidos'!G8 -> 61 | L18: ='Seguimiento partidos'!H8 -> 0 | M18: ='Seguimiento partidos'!I8 -> 0 | O18: ='Seguimiento partidos'!M8 -> 0
A19: FOTO DISPONIBLE | F19: FOTO PENDIENTE - ESPACIO RESERVADO | K19: FOTO DISPONIBLE
A22: #04 VALENTINA | F22: #05 AINHOA | K22: #06 PATRI
A34: CENTRAL / M.C. | F34: CENTRAL | K34: M.C.
A35: MINUTOS | B35: GOLES | C35: ASIST. | D35: CÁDIZ C.F. | E35: G. REC. | F35: MINUTOS | G35: GOLES | H35: ASIST. | I35: CÁDIZ C.F. | J35: G. REC. | K35: MINUTOS | L35: GOLES | M35: ASIST. | N35: CÁDIZ C.F. | O35: G. REC.
A36: ='Seguimiento partidos'!G9 -> 90 | B36: ='Seguimiento partidos'!H9 -> 0 | C36: ='Seguimiento partidos'!I9 -> 0 | E36: ='Seguimiento partidos'!M9 -> 0 | F36: ='Seguimiento partidos'!G10 -> 63 | G36: ='Seguimiento partidos'!H10 -> 0 | H36: ='Seguimiento partidos'!I10 -> 0 | J36: ='Seguimiento partidos'!M10 -> 0 | K36: ='Seguimiento partidos'!G11 -> 64 | L36: ='Seguimiento partidos'!H11 -> 0 | M36: ='Seguimiento partidos'!I11 -> 0 | O36: ='Seguimiento partidos'!M11 -> 0
A37: FOTO DISPONIBLE | F37: FOTO PENDIENTE - ESPACIO RESERVADO | K37: FOTO DISPONIBLE
A40: #07 NEREA | F40: #08 CAYE | K40: #09 VIRGINIA
A52: EXT. | F52: L.I. / M.C. | K52: DELANTERA / EXT.
A53: MINUTOS | B53: GOLES | C53: ASIST. | D53: CÁDIZ C.F. | E53: G. REC. | F53: MINUTOS | G53: GOLES | H53: ASIST. | I53: CÁDIZ C.F. | J53: G. REC. | K53: MINUTOS | L53: GOLES | M53: ASIST. | N53: CÁDIZ C.F. | O53: G. REC.
A54: ='Seguimiento partidos'!G12 -> 56 | B54: ='Seguimiento partidos'!H12 -> 0 | C54: ='Seguimiento partidos'!I12 -> 0 | E54: ='Seguimiento partidos'!M12 -> 0 | F54: ='Seguimiento partidos'!G13 -> 43 | G54: ='Seguimiento partidos'!H13 -> 1 | H54: ='Seguimiento partidos'!I13 -> 0 | J54: ='Seguimiento partidos'!M13 -> 0 | K54: ='Seguimiento partidos'!G14 -> 64 | L54: ='Seguimiento partidos'!H14 -> 0 | M54: ='Seguimiento partidos'!I14 -> 0 | O54: ='Seguimiento partidos'!M14 -> 0
A55: FOTO DISPONIBLE | F55: FOTO PENDIENTE - ESPACIO RESERVADO | K55: FOTO DISPONIBLE
A58: #10 GUZMÁN | F58: #11 MARIANA A. | K58: #12 MARTA
A70: M.P. / EXT. | F70: EXT. | K70: CENTRAL
A71: MINUTOS | B71: GOLES | C71: ASIST. | D71: CÁDIZ C.F. | E71: G. REC. | F71: MINUTOS | G71: GOLES | H71: ASIST. | I71: CÁDIZ C.F. | J71: G. REC. | K71: MINUTOS | L71: GOLES | M71: ASIST. | N71: CÁDIZ C.F. | O71: G. REC.
A72: ='Seguimiento partidos'!G15 -> 73 | B72: ='Seguimiento partidos'!H15 -> 0 | C72: ='Seguimiento partidos'!I15 -> 0 | E72: ='Seguimiento partidos'!M15 -> 0 | F72: ='Seguimiento partidos'!G16 -> 75 | G72: ='Seguimiento partidos'!H16 -> 0 | H72: ='Seguimiento partidos'!I16 -> 1 | J72: ='Seguimiento partidos'!M16 -> 0 | K72: ='Seguimiento partidos'!G17 -> 45 | L72: ='Seguimiento partidos'!H17 -> 0 | M72: ='Seguimiento partidos'!I17 -> 0 | O72: ='Seguimiento partidos'!M17 -> 0
A73: FOTO DISPONIBLE | F73: FOTO DISPONIBLE | K73: FOTO DISPONIBLE
A76: #13 CARLOTA | F76: #14 ARI | K76: #15 LUCÍA M.
A88: PORTERA | F88: EXT. / DEL. | K88: EXT.
A89: MINUTOS | B89: GOLES | C89: ASIST. | D89: CÁDIZ C.F. | E89: G. REC. | F89: MINUTOS | G89: GOLES | H89: ASIST. | I89: CÁDIZ C.F. | J89: G. REC. | K89: MINUTOS | L89: GOLES | M89: ASIST. | N89: CÁDIZ C.F. | O89: G. REC.
A90: ='Seguimiento partidos'!G18 -> 45 | B90: ='Seguimiento partidos'!H18 -> 0 | C90: ='Seguimiento partidos'!I18 -> 0 | E90: ='Seguimiento partidos'!M18 -> 1 | F90: ='Seguimiento partidos'!G19 -> 15 | G90: ='Seguimiento partidos'!H19 -> 0 | H90: ='Seguimiento partidos'!I19 -> 0 | J90: ='Seguimiento partidos'!M19 -> 0 | K90: ='Seguimiento partidos'!G20 -> 34 | L90: ='Seguimiento partidos'!H20 -> 0 | M90: ='Seguimiento partidos'!I20 -> 0 | O90: ='Seguimiento partidos'!M20 -> 0
A91: FOTO DISPONIBLE | F91: FOTO DISPONIBLE | K91: FOTO DISPONIBLE
A94: #16 ANA | F94: #17 MARTA G. | K94: #18 ROCÍO
A106: DELANTERA / M.P. | F106: M.C. | K106: M.C.
A107: MINUTOS | B107: GOLES | C107: ASIST. | D107: CÁDIZ C.F. | E107: G. REC. | F107: MINUTOS | G107: GOLES | H107: ASIST. | I107: CÁDIZ C.F. | J107: G. REC. | K107: MINUTOS | L107: GOLES | M107: ASIST. | N107: CÁDIZ C.F. | O107: G. REC.
A108: ='Seguimiento partidos'!G21 -> 40 | B108: ='Seguimiento partidos'!H21 -> 1 | C108: ='Seguimiento partidos'!I21 -> 0 | E108: ='Seguimiento partidos'!M21 -> 0 | F108: ='Seguimiento partidos'!G22 -> 26 | G108: ='Seguimiento partidos'!H22 -> 0 | H108: ='Seguimiento partidos'!I22 -> 0 | J108: ='Seguimiento partidos'!M22 -> 0 | K108: ='Seguimiento partidos'!G23 -> 64 | L108: ='Seguimiento partidos'!H23 -> 0 | M108: ='Seguimiento partidos'!I23 -> 0 | O108: ='Seguimiento partidos'!M23 -> 0
A109: FOTO DISPONIBLE | F109: FOTO PENDIENTE - ESPACIO RESERVADO | K109: FOTO DISPONIBLE
A112: #19 MARIANA | F112: #20 MARIEL | K112: #21 ADRI
A124: PORTERA | F124: L.I. / L.D. / CENTRAL | K124: M.P.
A125: MINUTOS | B125: GOLES | C125: ASIST. | D125: CÁDIZ C.F. | E125: G. REC. | F125: MINUTOS | G125: GOLES | H125: ASIST. | I125: CÁDIZ C.F. | J125: G. REC. | K125: MINUTOS | L125: GOLES | M125: ASIST. | N125: CÁDIZ C.F. | O125: G. REC.
A126: ='Seguimiento partidos'!G24 -> 0 | B126: ='Seguimiento partidos'!H24 -> 0 | C126: ='Seguimiento partidos'!I24 -> 0 | E126: ='Seguimiento partidos'!M24 -> 0 | F126: ='Seguimiento partidos'!G25 -> 0 | G126: ='Seguimiento partidos'!H25 -> 0 | H126: ='Seguimiento partidos'!I25 -> 0 | J126: ='Seguimiento partidos'!M25 -> 0 | K126: ='Seguimiento partidos'!G26 -> 0 | L126: ='Seguimiento partidos'!H26 -> 0 | M126: ='Seguimiento partidos'!I26 -> 0 | O126: ='Seguimiento partidos'!M26 -> 0
A127: FOTO DISPONIBLE | F127: FOTO DISPONIBLE | K127: FOTO DISPONIBLE
A130: #22 LUCÍA R. | F130: #23 PAULA
A142: DELANTERA | F142: M.C.
A143: MINUTOS | B143: GOLES | C143: ASIST. | D143: CÁDIZ C.F. | E143: G. REC. | F143: MINUTOS | G143: GOLES | H143: ASIST. | I143: CÁDIZ C.F. | J143: G. REC.
A144: ='Seguimiento partidos'!G27 -> 0 | B144: ='Seguimiento partidos'!H27 -> 0 | C144: ='Seguimiento partidos'!I27 -> 0 | E144: ='Seguimiento partidos'!M27 -> 0 | F144: ='Seguimiento partidos'!G28 -> 0 | G144: ='Seguimiento partidos'!H28 -> 0 | H144: ='Seguimiento partidos'!I28 -> 0 | J144: ='Seguimiento partidos'!M28 -> 0
A145: FOTO DISPONIBLE | F145: FOTO DISPONIBLE

Sheet J01_IDA
A1: HOJA DE PARTIDO · IDA · JORNADA 1
A3: ID PARTIDO | B3: =Calendario!I5 -> 20260919-01 | E3: FECHA | F3: =Calendario!C5 -> 46284 | I3: HORA | J3: =Calendario!H5 -> 0.66666667 | K3: Volver a Calendario
A4: LOCAL | B4: =Calendario!E5 -> C.F. MVRGI | E4: VISITANTE | F4: =Calendario!F5 -> CÁDIZ | I4: CAMPO | J4: =Calendario!G5 -> EL EJIDO
A5: RESULTADO | B5: =Calendario!N5 -> 1 - 2 | E5: GF CÁDIZ | F5: =Calendario!J5 -> 2 | I5: GC CÁDIZ | J5: =Calendario!K5 -> 1
A9: DORSAL | B9: JUGADORA | C9: POSICIÓN | D9: ESTADO | E9: MIN 1P | F9: MIN 2P | G9: TOTAL MIN | H9: GOLES | I9: GOLES RECIBIDOS | J9: ASIST. | K9: TA | L9: TR | M9: LESIÓN | N9: OBSERVACIONES
A10: 1 | B10: Julia | C10: PORTERA | D10: TITULAR | E10: 45 | F10: 0 | G10: =IF(COUNTA(E10:F10)=0,"",SUM(E10:F10)) -> 45 | H10: =COUNTIFS($A$38:$A$45,"A FAVOR",$E$38:$E$45,B10) -> 0 | I10: =COUNTIFS($A$38:$A$45,"EN CONTRA",$E$38:$E$45,B10) -> 0 | J10: =COUNTIFS($A$38:$A$45,"A FAVOR",$H$38:$H$45,B10) -> 0 | M10: NO
A11: 2 | B11: Alba | C11: L.D. | D11: TITULAR | E11: 45 | F11: 18 | G11: =IF(COUNTA(E11:F11)=0,"",SUM(E11:F11)) -> 63 | H11: =COUNTIFS($A$38:$A$45,"A FAVOR",$E$38:$E$45,B11) -> 0 | I11: =COUNTIFS($A$38:$A$45,"EN CONTRA",$E$38:$E$45,B11) -> 0 | J11: =COUNTIFS($A$38:$A$45,"A FAVOR",$H$38:$H$45,B11) -> 0 | M11: NO
A12: 3 | B12: Margarita | C12: L.I. | D12: TITULAR | E12: 21 | F12: 40 | G12: =IF(COUNTA(E12:F12)=0,"",SUM(E12:F12)) -> 61 | H12: =COUNTIFS($A$38:$A$45,"A FAVOR",$E$38:$E$45,B12) -> 0 | I12: =COUNTIFS($A$38:$A$45,"EN CONTRA",$E$38:$E$45,B12) -> 0 | J12: =COUNTIFS($A$38:$A$45,"A FAVOR",$H$38:$H$45,B12) -> 0 | M12: NO
A13: 4 | B13: Valentina | C13: CENTRAL / M.C. | D13: TITULAR | E13: 45 | F13: 45 | G13: =IF(COUNTA(E13:F13)=0,"",SUM(E13:F13)) -> 90 | H13: =COUNTIFS($A$38:$A$45,"A FAVOR",$E$38:$E$45,B13) -> 0 | I13: =COUNTIFS($A$38:$A$45,"EN CONTRA",$E$38:$E$45,B13) -> 0 | J13: =COUNTIFS($A$38:$A$45,"A FAVOR",$H$38:$H$45,B13) -> 0 | M13: NO
A14: 5 | B14: Ainhoa | C14: CENTRAL | D14: TITULAR | E14: 45 | F14: 18 | G14: =IF(COUNTA(E14:F14)=0,"",SUM(E14:F14)) -> 63 | H14: =COUNTIFS($A$38:$A$45,"A FAVOR",$E$38:$E$45,B14) -> 0 | I14: =COUNTIFS($A$38:$A$45,"EN CONTRA",$E$38:$E$45,B14) -> 0 | J14: =COUNTIFS($A$38:$A$45,"A FAVOR",$H$38:$H$45,B14) -> 0 | M14: NO
A15: 6 | B15: Patri | C15: M.C. | D15: TITULAR | E15: 45 | F15: 19 | G15: =IF(COUNTA(E15:F15)=0,"",SUM(E15:F15)) -> 64 | H15: =COUNTIFS($A$38:$A$45,"A FAVOR",$E$38:$E$45,B15) -> 0 | I15: =COUNTIFS($A$38:$A$45,"EN CONTRA",$E$38:$E$45,B15) -> 0 | J15: =COUNTIFS($A$38:$A$45,"A FAVOR",$H$38:$H$45,B15) -> 0 | M15: NO
A16: 7 | B16: Nerea | C16: EXT. | D16: TITULAR | E16: 26 | F16: 30 | G16: =IF(COUNTA(E16:F16)=0,"",SUM(E16:F16)) -> 56 | H16: =COUNTIFS($A$38:$A$45,"A FAVOR",$E$38:$E$45,B16) -> 0 | I16: =COUNTIFS($A$38:$A$45,"EN CONTRA",$E$38:$E$45,B16) -> 0 | J16: =COUNTIFS($A$38:$A$45,"A FAVOR",$H$38:$H$45,B16) -> 0 | M16: NO
A17: 8 | B17: Caye | C17: L.I. / M.C. | D17: TITULAR | E17: 26 | F17: 17 | G17: =IF(COUNTA(E17:F17)=0,"",SUM(E17:F17)) -> 43 | H17: =COUNTIFS($A$38:$A$45,"A FAVOR",$E$38:$E$45,B17) -> 1 | I17: =COUNTIFS($A$38:$A$45,"EN CONTRA",$E$38:$E$45,B17) -> 0 | J17: =COUNTIFS($A$38:$A$45,"A FAVOR",$H$38:$H$45,B17) -> 0 | M17: NO
A18: 9 | B18: Virginia | C18: DELANTERA / EXT. | D18: TITULAR | E18: 45 | F18: 19 | G18: =IF(COUNTA(E18:F18)=0,"",SUM(E18:F18)) -> 64 | H18: =COUNTIFS($A$38:$A$45,"A FAVOR",$E$38:$E$45,B18) -> 0 | I18: =COUNTIFS($A$38:$A$45,"EN CONTRA",$E$38:$E$45,B18) -> 0 | J18: =COUNTIFS($A$38:$A$45,"A FAVOR",$H$38:$H$45,B18) -> 0 | M18: NO
A19: 10 | B19: Guzmán | C19: M.P. / EXT. | D19: TITULAR | E19: 45 | F19: 28 | G19: =IF(COUNTA(E19:F19)=0,"",SUM(E19:F19)) -> 73 | H19: =COUNTIFS($A$38:$A$45,"A FAVOR",$E$38:$E$45,B19) -> 0 | I19: =COUNTIFS($A$38:$A$45,"EN CONTRA",$E$38:$E$45,B19) -> 0 | J19: =COUNTIFS($A$38:$A$45,"A FAVOR",$H$38:$H$45,B19) -> 0 | M19: NO
A20: 11 | B20: Mariana A. | C20: EXT. | D20: TITULAR | E20: 45 | F20: 30 | G20: =IF(COUNTA(E20:F20)=0,"",SUM(E20:F20)) -> 75 | H20: =COUNTIFS($A$38:$A$45,"A FAVOR",$E$38:$E$45,B20) -> 0 | I20: =COUNTIFS($A$38:$A$45,"EN CONTRA",$E$38:$E$45,B20) -> 0 | J20: =COUNTIFS($A$38:$A$45,"A FAVOR",$H$38:$H$45,B20) -> 1 | M20: NO
A21: 12 | B21: Marta | C21: CENTRAL | D21: SUPLENTE | E21: 0 | F21: 45 | G21: =IF(COUNTA(E21:F21)=0,"",SUM(E21:F21)) -> 45 | H21: =COUNTIFS($A$38:$A$45,"A FAVOR",$E$38:$E$45,B21) -> 0 | I21: =COUNTIFS($A$38:$A$45,"EN CONTRA",$E$38:$E$45,B21) -> 0 | J21: =COUNTIFS($A$38:$A$45,"A FAVOR",$H$38:$H$45,B21) -> 0 | M21: NO
... A27: 18 | B27: Rocío | C27: M.C. | D27: SUPLENTE | E27: 19 | F27: 45 | G27: =IF(COUNTA(E27:F27)=0,"",SUM(E27:F27)) -> 64 | H27: =COUNTIFS($A$38:$A$45,"A FAVOR",$E$38:$E$45,B27) -> 0 | I27: =COUNTIFS($A$38:$A$45,"EN CONTRA",$E$38:$E$45,B27) -> 0 | J27: =COUNTIFS($A$38:$A$45,"A FAVOR",$H$38:$H$45,B27) -> 0 | M27: NO
A28: 19 | B28: Mariana | C28: PORTERA | D28: RESERVA | G28: =IF(COUNTA(E28:F28)=0,"",SUM(E28:F28)) | H28: =COUNTIFS($A$38:$A$45,"A FAVOR",$E$38:$E$45,B28) -> 0 | I28: =COUNTIFS($A$38:$A$45,"EN CONTRA",$E$38:$E$45,B28) -> 0 | J28: =COUNTIFS($A$38:$A$45,"A FAVOR",$H$38:$H$45,B28) -> 0 | M28: NO
A29: 20 | B29: Mariel | C29: L.I. / L.D. / CENTRAL | D29: RESERVA | G29: =IF(COUNTA(E29:F29)=0,"",SUM(E29:F29)) | H29: =COUNTIFS($A$38:$A$45,"A FAVOR",$E$38:$E$45,B29) -> 0 | I29: =COUNTIFS($A$38:$A$45,"EN CONTRA",$E$38:$E$45,B29) -> 0 | J29: =COUNTIFS($A$38:$A$45,"A FAVOR",$H$38:$H$45,B29) -> 0 | M29: NO
A30: 21 | B30: Adri | C30: M.P. | D30: RESERVA | G30: =IF(COUNTA(E30:F30)=0,"",SUM(E30:F30)) | H30: =COUNTIFS($A$38:$A$45,"A FAVOR",$E$38:$E$45,B30) -> 0 | I30: =COUNTIFS($A$38:$A$45,"EN CONTRA",$E$38:$E$45,B30) -> 0 | J30: =COUNTIFS($A$38:$A$45,"A FAVOR",$H$38:$H$45,B30) -> 0 | M30: NO
A31: 22 | B31: Lucía R. | C31: DELANTERA | D31: NO CONVOCADA | G31: =IF(COUNTA(E31:F31)=0,"",SUM(E31:F31)) | H31: =COUNTIFS($A$38:$A$45,"A FAVOR",$E$38:$E$45,B31) -> 0 | I31: =COUNTIFS($A$38:$A$45,"EN CONTRA",$E$38:$E$45,B31) -> 0 | J31: =COUNTIFS($A$38:$A$45,"A FAVOR",$H$38:$H$45,B31) -> 0 | M31: NO
A32: 23 | B32: Paula | C32: M.C. | D32: NO CONVOCADA | G32: =IF(COUNTA(E32:F32)=0,"",SUM(E32:F32)) | H32: =COUNTIFS($A$38:$A$45,"A FAVOR",$E$38:$E$45,B32) -> 0 | I32: =COUNTIFS($A$38:$A$45,"EN CONTRA",$E$38:$E$45,B32) -> 0 | J32: =COUNTIFS($A$38:$A$45,"A FAVOR",$H$38:$H$45,B32) -> 0 | M32: NO
A34: TOTALES | C34: Jugadoras usadas | D34: =COUNTIF(G10:G32,">0") -> 18 | G34: =SUM(G10:G32) -> 966 | H34: =SUM(H10:H32) -> 2 | I34: =SUM(I10:I32) -> 1 | J34: =SUM(J10:J32) -> 1 | K34: =SUM(K10:K32) -> 0 | L34: =SUM(L10:L32) -> 0
A36: REGISTRO DE GOLES DEL PARTIDO · ÚNICO ORIGEN DE DATOS
A37: TIPO | C37: MINUTO | E37: JUGADORA / PORTERA | H37: ASISTENCIA | J37: MARCADOR TRAS GOL | L37: OBSERVACIONES
A38: A FAVOR | C38: 37 | E38: Ana | J38: 1-0
A39: EN CONTRA | C39: 69 | E39: Carlota | J39: 1-1 | L39: Gol recibido
A40: A FAVOR | C40: 78 | E40: Caye | H40: Mariana A. | J40: 1-2
A47: OTRAS INCIDENCIAS DEL PARTIDO
A54: OBSERVACIONES IMPORTANTES
A55: Partido con viento, donde fuimos superiores en la primera parte. Muy pocos tiros a puerta contraria y escasas ocasiones de gol. Falta intensidad en el juego, pases perdidos y se adelantaban a las jugadas.

Sheet J02_IDA
A1: HOJA DE PARTIDO · IDA · JORNADA 2
A3: ID PARTIDO | B3: =Calendario!I6 -> 20260926-02 | E3: FECHA | F3: =Calendario!C6 -> 46291 | I3: HORA | J3: =Calendario!H6 -> 0.5 | K3: Volver a Calendario
A4: LOCAL | B4: =Calendario!E6 -> CÁDIZ | E4: VISITANTE | F4: =Calendario!F6 -> SAN ROQUE BALOMPIÉ | I4: CAMPO | J4: =Calendario!G6 -> EL ROSAL
A5: RESULTADO | B5: =Calendario!N6 -> 0 - 0 | E5: GF CÁDIZ | F5: =Calendario!J6 -> 0 | I5: GC CÁDIZ | J5: =Calendario!K6 -> 0
A9: DORSAL | B9: JUGADORA | C9: POSICIÓN | D9: ESTADO | E9: MIN 1P | F9: MIN 2P | G9: TOTAL MIN | H9: GOLES | I9: GOLES RECIBIDOS | J9: ASIST. | K9: TA | L9: TR | M9: LESIÓN | N9: OBSERVACIONES
A10: 1 | B10: Julia | C10: PORTERA | G10: =IF(COUNTA(E10:F10)=0,"",SUM(E10:F10)) | H10: =COUNTIFS($A$38:$A$45,"A FAVOR",$E$38:$E$45,B10) -> 0 | I10: =COUNTIFS($A$38:$A$45,"EN CONTRA",$E$38:$E$45,B10) -> 0 | J10: =COUNTIFS($A$38:$A$45,"A FAVOR",$H$38:$H$45,B10) -> 0 | M10: NO
A11: 2 | B11: Alba | C11: L.D. | G11: =IF(COUNTA(E11:F11)=0,"",SUM(E11:F11)) | H11: =COUNTIFS($A$38:$A$45,"A FAVOR",$E$38:$E$45,B11) -> 0 | I11: =COUNTIFS($A$38:$A$45,"EN CONTRA",$E$38:$E$45,B11) -> 0 | J11: =COUNTIFS($A$38:$A$45,"A FAVOR",$H$38:$H$45,B11) -> 0 | M11: NO
A12: 3 | B12: Margarita | C12: L.I. | G12: =IF(COUNTA(E12:F12)=0,"",SUM(E12:F12)) | H12: =COUNTIFS($A$38:$A$45,"A FAVOR",$E$38:$E$45,B12) -> 0 | I12: =COUNTIFS($A$38:$A$45,"EN CONTRA",$E$38:$E$45,B12) -> 0 | J12: =COUNTIFS($A$38:$A$45,"A FAVOR",$H$38:$H$45,B12) -> 0 | M12: NO
A13: 4 | B13: Valentina | C13: CENTRAL / M.C. | G13: =IF(COUNTA(E13:F13)=0,"",SUM(E13:F13)) | H13: =COUNTIFS($A$38:$A$45,"A FAVOR",$E$38:$E$45,B13) -> 0 | I13: =COUNTIFS($A$38:$A$45,"EN CONTRA",$E$38:$E$45,B13) -> 0 | J13: =COUNTIFS($A$38:$A$45,"A FAVOR",$H$38:$H$45,B13) -> 0 | M13: NO
A14: 5 | B14: Ainhoa | C14: CENTRAL | G14: =IF(COUNTA(E14:F14)=0,"",SUM(E14:F14)) | H14: =COUNTIFS($A$38:$A$45,"A FAVOR",$E$38:$E$45,B14) -> 0 | I14: =COUNTIFS($A$38:$A$45,"EN CONTRA",$E$38:$E$45,B14) -> 0 | J14: =COUNTIFS($A$38:$A$45,"A FAVOR",$H$38:$H$45,B14) -> 0 | M14: NO
A15: 6 | B15: Patri | C15: M.C. | G15: =IF(COUNTA(E15:F15)=0,"",SUM(E15:F15)) | H15: =COUNTIFS($A$38:$A$45,"A FAVOR",$E$38:$E$45,B15) -> 0 | I15: =COUNTIFS($A$38:$A$45,"EN CONTRA",$E$38:$E$45,B15) -> 0 | J15: =COUNTIFS($A$38:$A$45,"A FAVOR",$H$38:$H$45,B15) -> 0 | M15: NO
A16: 7 | B16: Nerea | C16: EXT. | G16: =IF(COUNTA(E16:F16)=0,"",SUM(E16:F16)) | H16: =COUNTIFS($A$38:$A$45,"A FAVOR",$E$38:$E$45,B16) -> 0 | I16: =COUNTIFS($A$38:$A$45,"EN CONTRA",$E$38:$E$45,B16) -> 0 | J16: =COUNTIFS($A$38:$A$45,"A FAVOR",$H$38:$H$45,B16) -> 0 | M16: NO
A17: 8 | B17: Caye | C17: L.I. / M.C. | G17: =IF(COUNTA(E17:F17)=0,"",SUM(E17:F17)) | H17: =COUNTIFS($A$38:$A$45,"A FAVOR",$E$38:$E$45,B17) -> 0 | I17: =COUNTIFS($A$38:$A$45,"EN CONTRA",$E$38:$E$45,B17) -> 0 | J17: =COUNTIFS($A$38:$A$45,"A FAVOR",$H$38:$H$45,B17) -> 0 | M17: NO
A18: 9 | B18: Virginia | C18: DELANTERA / EXT. | G18: =IF(COUNTA(E18:F18)=0,"",SUM(E18:F18)) | H18: =COUNTIFS($A$38:$A$45,"A FAVOR",$E$38:$E$45,B18) -> 0 | I18: =COUNTIFS($A$38:$A$45,"EN CONTRA",$E$38:$E$45,B18) -> 0 | J18: =COUNTIFS($A$38:$A$45,"A FAVOR",$H$38:$H$45,B18) -> 0 | M18: NO
A19: 10 | B19: Guzmán | C19: M.P. / EXT. | G19: =IF(COUNTA(E19:F19)=0,"",SUM(E19:F19)) | H19: =COUNTIFS($A$38:$A$45,"A FAVOR",$E$38:$E$45,B19) -> 0 | I19: =COUNTIFS($A$38:$A$45,"EN CONTRA",$E$38:$E$45,B19) -> 0 | J19: =COUNTIFS($A$38:$A$45,"A FAVOR",$H$38:$H$45,B19) -> 0 | M19: NO
A20: 11 | B20: Mariana A. | C20: EXT. | G20: =IF(COUNTA(E20:F20)=0,"",SUM(E20:F20)) | H20: =COUNTIFS($A$38:$A$45,"A FAVOR",$E$38:$E$45,B20) -> 0 | I20: =COUNTIFS($A$38:$A$45,"EN CONTRA",$E$38:$E$45,B20) -> 0 | J20: =COUNTIFS($A$38:$A$45,"A FAVOR",$H$38:$H$45,B20) -> 0 | M20: NO
A21: 12 | B21: Marta | C21: CENTRAL | G21: =IF(COUNTA(E21:F21)=0,"",SUM(E21:F21)) | H21: =COUNTIFS($A$38:$A$45,"A FAVOR",$E$38:$E$45,B21) -> 0 | I21: =COUNTIFS($A$38:$A$45,"EN CONTRA",$E$38:$E$45,B21) -> 0 | J21: =COUNTIFS($A$38:$A$45,"A FAVOR",$H$38:$H$45,B21) -> 0 | M21: NO
... A32: 23 | B32: Paula | C32: M.C. | G32: =IF(COUNTA(E32:F32)=0,"",SUM(E32:F32)) | H32: =COUNTIFS($A$38:$A$45,"A FAVOR",$E$38:$E$45,B32) -> 0 | I32: =COUNTIFS($A$38:$A$45,"EN CONTRA",$E$38:$E$45,B32) -> 0 | J32: =COUNTIFS($A$38:$A$45,"A FAVOR",$H$38:$H$45,B32) -> 0 | M32: NO
A34: TOTALES | C34: Jugadoras usadas | D34: =COUNTIF(G10:G32,">0") -> 0 | G34: =SUM(G10:G32) -> 0 | H34: =SUM(H10:H32) -> 0 | I34: =SUM(I10:I32) -> 0 | J34: =SUM(J10:J32) -> 0 | K34: =SUM(K10:K32) -> 0 | L34: =SUM(L10:L32) -> 0
A36: REGISTRO DE GOLES DEL PARTIDO · ÚNICO ORIGEN DE DATOS
A37: TIPO | C37: MINUTO | E37: JUGADORA / PORTERA | H37: ASISTENCIA | J37: MARCADOR TRAS GOL | L37: OBSERVACIONES
A47: OTRAS INCIDENCIAS DEL PARTIDO
A54: OBSERVACIONES IMPORTANTES

Sheet J03_IDA
A1: HOJA DE PARTIDO · IDA · JORNADA 3
A3: ID PARTIDO | B3: =Calendario!I7 -> 20261004-03 | E3: FECHA | F3: =Calendario!C7 -> 46299 | I3: HORA | J3: =Calendario!H7 -> PTE | K3: Volver a Calendario
A4: LOCAL | B4: =Calendario!E7 -> SEVILLA FC. SAD | E4: VISITANTE | F4: =Calendario!F7 -> CÁDIZ | I4: CAMPO | J4: =Calendario!G7 -> DOS HERMANAS
A5: RESULTADO | B5: =Calendario!N7 | E5: GF CÁDIZ | F5: =Calendario!J7 | I5: GC CÁDIZ | J5: =Calendario!K7
A9: DORSAL | B9: JUGADORA | C9: POSICIÓN | D9: ESTADO | E9: MIN 1P | F9: MIN 2P | G9: TOTAL MIN | H9: GOLES | I9: GOLES RECIBIDOS | J9: ASIST. | K9: TA | L9: TR | M9: LESIÓN | N9: OBSERVACIONES
A10: 1 | B10: Julia | C10: PORTERA | G10: =IF(COUNTA(E10:F10)=0,"",SUM(E10:F10)) | H10: =COUNTIFS($A$38:$A$45,"A FAVOR",$E$38:$E$45,B10) -> 0 | I10: =COUNTIFS($A$38:$A$45,"EN CONTRA",$E$38:$E$45,B10) -> 0 | J10: =COUNTIFS($A$38:$A$45,"A FAVOR",$H$38:$H$45,B10) -> 0 | M10: NO
A11: 2 | B11: Alba | C11: L.D. | G11: =IF(COUNTA(E11:F11)=0,"",SUM(E11:F11)) | H11: =COUNTIFS($A$38:$A$45,"A FAVOR",$E$38:$E$45,B11) -> 0 | I11: =COUNTIFS($A$38:$A$45,"EN CONTRA",$E$38:$E$45,B11) -> 0 | J11: =COUNTIFS($A$38:$A$45,"A FAVOR",$H$38:$H$45,B11) -> 0 | M11: NO
A12: 3 | B12: Margarita | C12: L.I. | G12: =IF(COUNTA(E12:F12)=0,"",SUM(E12:F12)) | H12: =COUNTIFS($A$38:$A$45,"A FAVOR",$E$38:$E$45,B12) -> 0 | I12: =COUNTIFS($A$38:$A$45,"EN CONTRA",$E$38:$E$45,B12) -> 0 | J12: =COUNTIFS($A$38:$A$45,"A FAVOR",$H$38:$H$45,B12) -> 0 | M12: NO
A13: 4 | B13: Valentina | C13: CENTRAL / M.C. | G13: =IF(COUNTA(E13:F13)=0,"",SUM(E13:F13)) | H13: =COUNTIFS($A$38:$A$45,"A FAVOR",$E$38:$E$45,B13) -> 0 | I13: =COUNTIFS($A$38:$A$45,"EN CONTRA",$E$38:$E$45,B13) -> 0 | J13: =COUNTIFS($A$38:$A$45,"A FAVOR",$H$38:$H$45,B13) -> 0 | M13: NO
A14: 5 | B14: Ainhoa | C14: CENTRAL | G14: =IF(COUNTA(E14:F14)=0,"",SUM(E14:F14)) | H14: =COUNTIFS($A$38:$A$45,"A FAVOR",$E$38:$E$45,B14) -> 0 | I14: =COUNTIFS($A$38:$A$45,"EN CONTRA",$E$38:$E$45,B14) -> 0 | J14: =COUNTIFS($A$38:$A$45,"A FAVOR",$H$38:$H$45,B14) -> 0 | M14: NO
A15: 6 | B15: Patri | C15: M.C. | G15: =IF(COUNTA(E15:F15)=0,"",SUM(E15:F15)) | H15: =COUNTIFS($A$38:$A$45,"A FAVOR",$E$38:$E$45,B15) -> 0 | I15: =COUNTIFS($A$38:$A$45,"EN CONTRA",$E$38:$E$45,B15) -> 0 | J15: =COUNTIFS($A$38:$A$45,"A FAVOR",$H$38:$H$45,B15) -> 0 | M15: NO
A16: 7 | B16: Nerea | C16: EXT. | G16: =IF(COUNTA(E16:F16)=0,"",SUM(E16:F16)) | H16: =COUNTIFS($A$38:$A$45,"A FAVOR",$E$38:$E$45,B16) -> 0 | I16: =COUNTIFS($A$38:$A$45,"EN CONTRA",$E$38:$E$45,B16) -> 0 | J16: =COUNTIFS($A$38:$A$45,"A FAVOR",$H$38:$H$45,B16) -> 0 | M16: NO
A17: 8 | B17: Caye | C17: L.I. / M.C. | G17: =IF(COUNTA(E17:F17)=0,"",SUM(E17:F17)) | H17: =COUNTIFS($A$38:$A$45,"A FAVOR",$E$38:$E$45,B17) -> 0 | I17: =COUNTIFS($A$38:$A$45,"EN CONTRA",$E$38:$E$45,B17) -> 0 | J17: =COUNTIFS($A$38:$A$45,"A FAVOR",$H$38:$H$45,B17) -> 0 | M17: NO
A18: 9 | B18: Virginia | C18: DELANTERA / EXT. | G18: =IF(COUNTA(E18:F18)=0,"",SUM(E18:F18)) | H18: =COUNTIFS($A$38:$A$45,"A FAVOR",$E$38:$E$45,B18) -> 0 | I18: =COUNTIFS($A$38:$A$45,"EN CONTRA",$E$38:$E$45,B18) -> 0 | J18: =COUNTIFS($A$38:$A$45,"A FAVOR",$H$38:$H$45,B18) -> 0 | M18: NO
A19: 10 | B19: Guzmán | C19: M.P. / EXT. | G19: =IF(COUNTA(E19:F19)=0,"",SUM(E19:F19)) | H19: =COUNTIFS($A$38:$A$45,"A FAVOR",$E$38:$E$45,B19) -> 0 | I19: =COUNTIFS($A$38:$A$45,"EN CONTRA",$E$38:$E$45,B19) -> 0 | J19: =COUNTIFS($A$38:$A$45,"A FAVOR",$H$38:$H$45,B19) -> 0 | M19: NO
A20: 11 | B20: Mariana A. | C20: EXT. | G20: =IF(COUNTA(E20:F20)=0,"",SUM(E20:F20)) | H20: =COUNTIFS($A$38:$A$45,"A FAVOR",$E$38:$E$45,B20) -> 0 | I20: =COUNTIFS($A$38:$A$45,"EN CONTRA",$E$38:$E$45,B20) -> 0 | J20: =COUNTIFS($A$38:$A$45,"A FAVOR",$H$38:$H$45,B20) -> 0 | M20: NO
A21: 12 | B21: Marta | C21: CENTRAL | G21: =IF(COUNTA(E21:F21)=0,"",SUM(E21:F21)) | H21: =COUNTIFS($A$38:$A$45,"A FAVOR",$E$38:$E$45,B21) -> 0 | I21: =COUNTIFS($A$38:$A$45,"EN CONTRA",$E$38:$E$45,B21) -> 0 | J21: =COUNTIFS($A$38:$A$45,"A FAVOR",$H$38:$H$45,B21) -> 0 | M21: NO
... A32: 23 | B32: Paula | C32: M.C. | G32: =IF(COUNTA(E32:F32)=0,"",SUM(E32:F32)) | H32: =COUNTIFS($A$38:$A$45,"A FAVOR",$E$38:$E$45,B32) -> 0 | I32: =COUNTIFS($A$38:$A$45,"EN CONTRA",$E$38:$E$45,B32) -> 0 | J32: =COUNTIFS($A$38:$A$45,"A FAVOR",$H$38:$H$45,B32) -> 0 | M32: NO
A34: TOTALES | C34: Jugadoras usadas | D34: =COUNTIF(G10:G32,">0") -> 0 | G34: =SUM(G10:G32) -> 0 | H34: =SUM(H10:H32) -> 0 | I34: =SUM(I10:I32) -> 0 | J34: =SUM(J10:J32) -> 0 | K34: =SUM(K10:K32) -> 0 | L34: =SUM(L10:L32) -> 0
A36: REGISTRO DE GOLES DEL PARTIDO · ÚNICO ORIGEN DE DATOS
A37: TIPO | C37: MINUTO | E37: JUGADORA / PORTERA | H37: ASISTENCIA | J37: MARCADOR TRAS GOL | L37: OBSERVACIONES
A47: OTRAS INCIDENCIAS DEL PARTIDO
A54: OBSERVACIONES IMPORTANTES

Sheet J04_IDA
A1: HOJA DE PARTIDO · IDA · JORNADA 4
A3: ID PARTIDO | B3: =Calendario!I8 -> 20261018-04 | E3: FECHA | F3: =Calendario!C8 -> 46313 | I3: HORA | J3: =Calendario!H8 -> PTE | K3: Volver a Calendario
A4: LOCAL | B4: =Calendario!E8 -> CÁDIZ | E4: VISITANTE | F4: =Calendario!F8 -> CÓRDOBA CF. | I4: CAMPO | J4: =Calendario!G8 -> EL ROSAL
A5: RESULTADO | B5: =Calendario!N8 | E5: GF CÁDIZ | F5: =Calendario!J8 | I5: GC CÁDIZ | J5: =Calendario!K8
A9: DORSAL | B9: JUGADORA | C9: POSICIÓN | D9: ESTADO | E9: MIN 1P | F9: MIN 2P | G9: TOTAL MIN | H9: GOLES | I9: GOLES RECIBIDOS | J9: ASIST. | K9: TA | L9: TR | M9: LESIÓN | N9: OBSERVACIONES
A10: 1 | B10: Julia | C10: PORTERA | G10: =IF(COUNTA(E10:F10)=0,"",SUM(E10:F10)) | H10: =COUNTIFS($A$38:$A$45,"A FAVOR",$E$38:$E$45,B10) -> 0 | I10: =COUNTIFS($A$38:$A$45,"EN CONTRA",$E$38:$E$45,B10) -> 0 | J10: =COUNTIFS($A$38:$A$45,"A FAVOR",$H$38:$H$45,B10) -> 0 | M10: NO
A11: 2 | B11: Alba | C11: L.D. | G11: =IF(COUNTA(E11:F11)=0,"",SUM(E11:F11)) | H11: =COUNTIFS($A$38:$A$45,"A FAVOR",$E$38:$E$45,B11) -> 0 | I11: =COUNTIFS($A$38:$A$45,"EN CONTRA",$E$38:$E$45,B11) -> 0 | J11: =COUNTIFS($A$38:$A$45,"A FAVOR",$H$38:$H$45,B11) -> 0 | M11: NO
A12: 3 | B12: Margarita | C12: L.I. | G12: =IF(COUNTA(E12:F12)=0,"",SUM(E12:F12)) | H12: =COUNTIFS($A$38:$A$45,"A FAVOR",$E$38:$E$45,B12) -> 0 | I12: =COUNTIFS($A$38:$A$45,"EN CONTRA",$E$38:$E$45,B12) -> 0 | J12: =COUNTIFS($A$38:$A$45,"A FAVOR",$H$38:$H$45,B12) -> 0 | M12: NO
A13: 4 | B13: Valentina | C13: CENTRAL / M.C. | G13: =IF(COUNTA(E13:F13)=0,"",SUM(E13:F13)) | H13: =COUNTIFS($A$38:$A$45,"A FAVOR",$E$38:$E$45,B13) -> 0 | I13: =COUNTIFS($A$38:$A$45,"EN CONTRA",$E$38:$E$45,B13) -> 0 | J13: =COUNTIFS($A$38:$A$45,"A FAVOR",$H$38:$H$45,B13) -> 0 | M13: NO
A14: 5 | B14: Ainhoa | C14: CENTRAL | G14: =IF(COUNTA(E14:F14)=0,"",SUM(E14:F14)) | H14: =COUNTIFS($A$38:$A$45,"A FAVOR",$E$38:$E$45,B14) -> 0 | I14: =COUNTIFS($A$38:$A$45,"EN CONTRA",$E$38:$E$45,B14) -> 0 | J14: =COUNTIFS($A$38:$A$45,"A FAVOR",$H$38:$H$45,B14) -> 0 | M14: NO
A15: 6 | B15: Patri | C15: M.C. | G15: =IF(COUNTA(E15:F15)=0,"",SUM(E15:F15)) | H15: =COUNTIFS($A$38:$A$45,"A FAVOR",$E$38:$E$45,B15) -> 0 | I15: =COUNTIFS($A$38:$A$45,"EN CONTRA",$E$38:$E$45,B15) -> 0 | J15: =COUNTIFS($A$38:$A$45,"A FAVOR",$H$38:$H$45,B15) -> 0 | M15: NO
A16: 7 | B16: Nerea | C16: EXT. | G16: =IF(COUNTA(E16:F16)=0,"",SUM(E16:F16)) | H16: =COUNTIFS($A$38:$A$45,"A FAVOR",$E$38:$E$45,B16) -> 0 | I16: =COUNTIFS($A$38:$A$45,"EN CONTRA",$E$38:$E$45,B16) -> 0 | J16: =COUNTIFS($A$38:$A$45,"A FAVOR",$H$38:$H$45,B16) -> 0 | M16: NO
A17: 8 | B17: Caye | C17: L.I. / M.C. | G17: =IF(COUNTA(E17:F17)=0,"",SUM(E17:F17)) | H17: =COUNTIFS($A$38:$A$45,"A FAVOR",$E$38:$E$45,B17) -> 0 | I17: =COUNTIFS($A$38:$A$45,"EN CONTRA",$E$38:$E$45,B17) -> 0 | J17: =COUNTIFS($A$38:$A$45,"A FAVOR",$H$38:$H$45,B17) -> 0 | M17: NO
A18: 9 | B18: Virginia | C18: DELANTERA / EXT. | G18: =IF(COUNTA(E18:F18)=0,"",SUM(E18:F18)) | H18: =COUNTIFS($A$38:$A$45,"A FAVOR",$E$38:$E$45,B18) -> 0 | I18: =COUNTIFS($A$38:$A$45,"EN CONTRA",$E$38:$E$45,B18) -> 0 | J18: =COUNTIFS($A$38:$A$45,"A FAVOR",$H$38:$H$45,B18) -> 0 | M18: NO
A19: 10 | B19: Guzmán | C19: M.P. / EXT. | G19: =IF(COUNTA(E19:F19)=0,"",SUM(E19:F19)) | H19: =COUNTIFS($A$38:$A$45,"A FAVOR",$E$38:$E$45,B19) -> 0 | I19: =COUNTIFS($A$38:$A$45,"EN CONTRA",$E$38:$E$45,B19) -> 0 | J19: =COUNTIFS($A$38:$A$45,"A FAVOR",$H$38:$H$45,B19) -> 0 | M19: NO
A20: 11 | B20: Mariana A. | C20: EXT. | G20: =IF(COUNTA(E20:F20)=0,"",SUM(E20:F20)) | H20: =COUNTIFS($A$38:$A$45,"A FAVOR",$E$38:$E$45,B20) -> 0 | I20: =COUNTIFS($A$38:$A$45,"EN CONTRA",$E$38:$E$45,B20) -> 0 | J20: =COUNTIFS($A$38:$A$45,"A FAVOR",$H$38:$H$45,B20) -> 0 | M20: NO
A21: 12 | B21: Marta | C21: CENTRAL | G21: =IF(COUNTA(E21:F21)=0,"",SUM(E21:F21)) | H21: =COUNTIFS($A$38:$A$45,"A FAVOR",$E$38:$E$45,B21) -> 0 | I21: =COUNTIFS($A$38:$A$45,"EN CONTRA",$E$38:$E$45,B21) -> 0 | J21: =COUNTIFS($A$38:$A$45,"A FAVOR",$H$38:$H$45,B21) -> 0 | M21: NO
... A32: 23 | B32: Paula | C32: M.C. | G32: =IF(COUNTA(E32:F32)=0,"",SUM(E32:F32)) | H32: =COUNTIFS($A$38:$A$45,"A FAVOR",$E$38:$E$45,B32) -> 0 | I32: =COUNTIFS($A$38:$A$45,"EN CONTRA",$E$38:$E$45,B32) -> 0 | J32: =COUNTIFS($A$38:$A$45,"A FAVOR",$H$38:$H$45,B32) -> 0 | M32: NO
A34: TOTALES | C34: Jugadoras usadas | D34: =COUNTIF(G10:G32,">0") -> 0 | G34: =SUM(G10:G32) -> 0 | H34: =SUM(H10:H32) -> 0 | I34: =SUM(I10:I32) -> 0 | J34: =SUM(J10:J32) -> 0 | K34: =SUM(K10:K32) -> 0 | L34: =SUM(L10:L32) -> 0
A36: REGISTRO DE GOLES DEL PARTIDO · ÚNICO ORIGEN DE DATOS
A37: TIPO | C37: MINUTO | E37: JUGADORA / PORTERA | H37: ASISTENCIA | J37: MARCADOR TRAS GOL | L37: OBSERVACIONES
A47: OTRAS INCIDENCIAS DEL PARTIDO
A54: OBSERVACIONES IMPORTANTES

Sheet J05_IDA
A1: HOJA DE PARTIDO · IDA · JORNADA 5
A3: ID PARTIDO | B3: =Calendario!I9 -> 20261025-05 | E3: FECHA | F3: =Calendario!C9 -> 46320 | I3: HORA | J3: =Calendario!H9 -> PTE | K3: Volver a Calendario
A4: LOCAL | B4: =Calendario!E9 -> BETIS BALOMPIÉ | E4: VISITANTE | F4: =Calendario!F9 -> CÁDIZ | I4: CAMPO | J4: =Calendario!G9 -> DOS HERMANAS
A5: RESULTADO | B5: =Calendario!N9 | E5: GF CÁDIZ | F5: =Calendario!J9 | I5: GC CÁDIZ | J5: =Calendario!K9
A9: DORSAL | B9: JUGADORA | C9: POSICIÓN | D9: ESTADO | E9: MIN 1P | F9: MIN 2P | G9: TOTAL MIN | H9: GOLES | I9: GOLES RECIBIDOS | J9: ASIST. | K9: TA | L9: TR | M9: LESIÓN | N9: OBSERVACIONES
A10: 1 | B10: Julia | C10: PORTERA | G10: =IF(COUNTA(E10:F10)=0,"",SUM(E10:F10)) | H10: =COUNTIFS($A$38:$A$45,"A FAVOR",$E$38:$E$45,B10) -> 0 | I10: =COUNTIFS($A$38:$A$45,"EN CONTRA",$E$38:$E$45,B10) -> 0 | J10: =COUNTIFS($A$38:$A$45,"A FAVOR",$H$38:$H$45,B10) -> 0 | M10: NO
A11: 2 | B11: Alba | C11: L.D. | G11: =IF(COUNTA(E11:F11)=0,"",SUM(E11:F11)) | H11: =COUNTIFS($A$38:$A$45,"A FAVOR",$E$38:$E$45,B11) -> 0 | I11: =COUNTIFS($A$38:$A$45,"EN CONTRA",$E$38:$E$45,B11) -> 0 | J11: =COUNTIFS($A$38:$A$45,"A FAVOR",$H$38:$H$45,B11) -> 0 | M11: NO
A12: 3 | B12: Margarita | C12: L.I. | G12: =IF(COUNTA(E12:F12)=0,"",SUM(E12:F12)) | H12: =COUNTIFS($A$38:$A$45,"A FAVOR",$E$38:$E$45,B12) -> 0 | I12: =COUNTIFS($A$38:$A$45,"EN CONTRA",$E$38:$E$45,B12) -> 0 | J12: =COUNTIFS($A$38:$A$45,"A FAVOR",$H$38:$H$45,B12) -> 0 | M12: NO
A13: 4 | B13: Valentina | C13: CENTRAL / M.C. | G13: =IF(COUNTA(E13:F13)=0,"",SUM(E13:F13)) | H13: =COUNTIFS($A$38:$A$45,"A FAVOR",$E$38:$E$45,B13) -> 0 | I13: =COUNTIFS($A$38:$A$45,"EN CONTRA",$E$38:$E$45,B13) -> 0 | J13: =COUNTIFS($A$38:$A$45,"A FAVOR",$H$38:$H$45,B13) -> 0 | M13: NO
A14: 5 | B14: Ainhoa | C14: CENTRAL | G14: =IF(COUNTA(E14:F14)=0,"",SUM(E14:F14)) | H14: =COUNTIFS($A$38:$A$45,"A FAVOR",$E$38:$E$45,B14) -> 0 | I14: =COUNTIFS($A$38:$A$45,"EN CONTRA",$E$38:$E$45,B14) -> 0 | J14: =COUNTIFS($A$38:$A$45,"A FAVOR",$H$38:$H$45,B14) -> 0 | M14: NO
A15: 6 | B15: Patri | C15: M.C. | G15: =IF(COUNTA(E15:F15)=0,"",SUM(E15:F15)) | H15: =COUNTIFS($A$38:$A$45,"A FAVOR",$E$38:$E$45,B15) -> 0 | I15: =COUNTIFS($A$38:$A$45,"EN CONTRA",$E$38:$E$45,B15) -> 0 | J15: =COUNTIFS($A$38:$A$45,"A FAVOR",$H$38:$H$45,B15) -> 0 | M15: NO
A16: 7 | B16: Nerea | C16: EXT. | G16: =IF(COUNTA(E16:F16)=0,"",SUM(E16:F16)) | H16: =COUNTIFS($A$38:$A$45,"A FAVOR",$E$38:$E$45,B16) -> 0 | I16: =COUNTIFS($A$38:$A$45,"EN CONTRA",$E$38:$E$45,B16) -> 0 | J16: =COUNTIFS($A$38:$A$45,"A FAVOR",$H$38:$H$45,B16) -> 0 | M16: NO
A17: 8 | B17: Caye | C17: L.I. / M.C. | G17: =IF(COUNTA(E17:F17)=0,"",SUM(E17:F17)) | H17: =COUNTIFS($A$38:$A$45,"A FAVOR",$E$38:$E$45,B17) -> 0 | I17: =COUNTIFS($A$38:$A$45,"EN CONTRA",$E$38:$E$45,B17) -> 0 | J17: =COUNTIFS($A$38:$A$45,"A FAVOR",$H$38:$H$45,B17) -> 0 | M17: NO
A18: 9 | B18: Virginia | C18: DELANTERA / EXT. | G18: =IF(COUNTA(E18:F18)=0,"",SUM(E18:F18)) | H18: =COUNTIFS($A$38:$A$45,"A FAVOR",$E$38:$E$45,B18) -> 0 | I18: =COUNTIFS($A$38:$A$45,"EN CONTRA",$E$38:$E$45,B18) -> 0 | J18: =COUNTIFS($A$38:$A$45,"A FAVOR",$H$38:$H$45,B18) -> 0 | M18: NO
A19: 10 | B19: Guzmán | C19: M.P. / EXT. | G19: =IF(COUNTA(E19:F19)=0,"",SUM(E19:F19)) | H19: =COUNTIFS($A$38:$A$45,"A FAVOR",$E$38:$E$45,B19) -> 0 | I19: =COUNTIFS($A$38:$A$45,"EN CONTRA",$E$38:$E$45,B19) -> 0 | J19: =COUNTIFS($A$38:$A$45,"A FAVOR",$H$38:$H$45,B19) -> 0 | M19: NO
A20: 11 | B20: Mariana A. | C20: EXT. | G20: =IF(COUNTA(E20:F20)=0,"",SUM(E20:F20)) | H20: =COUNTIFS($A$38:$A$45,"A FAVOR",$E$38:$E$45,B20) -> 0 | I20: =COUNTIFS($A$38:$A$45,"EN CONTRA",$E$38:$E$45,B20) -> 0 | J20: =COUNTIFS($A$38:$A$45,"A FAVOR",$H$38:$H$45,B20) -> 0 | M20: NO
A21: 12 | B21: Marta | C21: CENTRAL | G21: =IF(COUNTA(E21:F21)=0,"",SUM(E21:F21)) | H21: =COUNTIFS($A$38:$A$45,"A FAVOR",$E$38:$E$45,B21) -> 0 | I21: =COUNTIFS($A$38:$A$45,"EN CONTRA",$E$38:$E$45,B21) -> 0 | J21: =COUNTIFS($A$38:$A$45,"A FAVOR",$H$38:$H$45,B21) -> 0 | M21: NO
... A32: 23 | B32: Paula | C32: M.C. | G32: =IF(COUNTA(E32:F32)=0,"",SUM(E32:F32)) | H32: =COUNTIFS($A$38:$A$45,"A FAVOR",$E$38:$E$45,B32) -> 0 | I32: =COUNTIFS($A$38:$A$45,"EN CONTRA",$E$38:$E$45,B32) -> 0 | J32: =COUNTIFS($A$38:$A$45,"A FAVOR",$H$38:$H$45,B32) -> 0 | M32: NO
A34: TOTALES | C34: Jugadoras usadas | D34: =COUNTIF(G10:G32,">0") -> 0 | G34: =SUM(G10:G32) -> 0 | H34: =SUM(H10:H32) -> 0 | I34: =SUM(I10:I32) -> 0 | J34: =SUM(J10:J32) -> 0 | K34: =SUM(K10:K32) -> 0 | L34: =SUM(L10:L32) -> 0
A36: REGISTRO DE GOLES DEL PARTIDO · ÚNICO ORIGEN DE DATOS
A37: TIPO | C37: MINUTO | E37: JUGADORA / PORTERA | H37: ASISTENCIA | J37: MARCADOR TRAS GOL | L37: OBSERVACIONES
A47: OTRAS INCIDENCIAS DEL PARTIDO
A54: OBSERVACIONES IMPORTANTES

Sheet J06_IDA
A1: HOJA DE PARTIDO · IDA · JORNADA 6
A3: ID PARTIDO | B3: =Calendario!I10 -> 20261108-06 | E3: FECHA | F3: =Calendario!C10 -> 46334 | I3: HORA | J3: =Calendario!H10 -> PTE | K3: Volver a Calendario
A4: LOCAL | B4: =Calendario!E10 -> CÁDIZ | E4: VISITANTE | F4: =Calendario!F10 -> MÁLAGA CF SAD | I4: CAMPO | J4: =Calendario!G10 -> EL ROSAL
A5: RESULTADO | B5: =Calendario!N10 | E5: GF CÁDIZ | F5: =Calendario!J10 | I5: GC CÁDIZ | J5: =Calendario!K10
A9: DORSAL | B9: JUGADORA | C9: POSICIÓN | D9: ESTADO | E9: MIN 1P | F9: MIN 2P | G9: TOTAL MIN | H9: GOLES | I9: GOLES RECIBIDOS | J9: ASIST. | K9: TA | L9: TR | M9: LESIÓN | N9: OBSERVACIONES
A10: 1 | B10: Julia | C10: PORTERA | G10: =IF(COUNTA(E10:F10)=0,"",SUM(E10:F10)) | H10: =COUNTIFS($A$38:$A$45,"A FAVOR",$E$38:$E$45,B10) -> 0 | I10: =COUNTIFS($A$38:$A$45,"EN CONTRA",$E$38:$E$45,B10) -> 0 | J10: =COUNTIFS($A$38:$A$45,"A FAVOR",$H$38:$H$45,B10) -> 0 | M10: NO
A11: 2 | B11: Alba | C11: L.D. | G11: =IF(COUNTA(E11:F11)=0,"",SUM(E11:F11)) | H11: =COUNTIFS($A$38:$A$45,"A FAVOR",$E$38:$E$45,B11) -> 0 | I11: =COUNTIFS($A$38:$A$45,"EN CONTRA",$E$38:$E$45,B11) -> 0 | J11: =COUNTIFS($A$38:$A$45,"A FAVOR",$H$38:$H$45,B11) -> 0 | M11: NO
A12: 3 | B12: Margarita | C12: L.I. | G12: =IF(COUNTA(E12:F12)=0,"",SUM(E12:F12)) | H12: =COUNTIFS($A$38:$A$45,"A FAVOR",$E$38:$E$45,B12) -> 0 | I12: =COUNTIFS($A$38:$A$45,"EN CONTRA",$E$38:$E$45,B12) -> 0 | J12: =COUNTIFS($A$38:$A$45,"A FAVOR",$H$38:$H$45,B12) -> 0 | M12: NO
A13: 4 | B13: Valentina | C13: CENTRAL / M.C. | G13: =IF(COUNTA(E13:F13)=0,"",SUM(E13:F13)) | H13: =COUNTIFS($A$38:$A$45,"A FAVOR",$E$38:$E$45,B13) -> 0 | I13: =COUNTIFS($A$38:$A$45,"EN CONTRA",$E$38:$E$45,B13) -> 0 | J13: =COUNTIFS($A$38:$A$45,"A FAVOR",$H$38:$H$45,B13) -> 0 | M13: NO
A14: 5 | B14: Ainhoa | C14: CENTRAL | G14: =IF(COUNTA(E14:F14)=0,"",SUM(E14:F14)) | H14: =COUNTIFS($A$38:$A$45,"A FAVOR",$E$38:$E$45,B14) -> 0 | I14: =COUNTIFS($A$38:$A$45,"EN CONTRA",$E$38:$E$45,B14) -> 0 | J14: =COUNTIFS($A$38:$A$45,"A FAVOR",$H$38:$H$45,B14) -> 0 | M14: NO
A15: 6 | B15: Patri | C15: M.C. | G15: =IF(COUNTA(E15:F15)=0,"",SUM(E15:F15)) | H15: =COUNTIFS($A$38:$A$45,"A FAVOR",$E$38:$E$45,B15) -> 0 | I15: =COUNTIFS($A$38:$A$45,"EN CONTRA",$E$38:$E$45,B15) -> 0 | J15: =COUNTIFS($A$38:$A$45,"A FAVOR",$H$38:$H$45,B15) -> 0 | M15: NO
A16: 7 | B16: Nerea | C16: EXT. | G16: =IF(COUNTA(E16:F16)=0,"",SUM(E16:F16)) | H16: =COUNTIFS($A$38:$A$45,"A FAVOR",$E$38:$E$45,B16) -> 0 | I16: =COUNTIFS($A$38:$A$45,"EN CONTRA",$E$38:$E$45,B16) -> 0 | J16: =COUNTIFS($A$38:$A$45,"A FAVOR",$H$38:$H$45,B16) -> 0 | M16: NO
A17: 8 | B17: Caye | C17: L.I. / M.C. | G17: =IF(COUNTA(E17:F17)=0,"",SUM(E17:F17)) | H17: =COUNTIFS($A$38:$A$45,"A FAVOR",$E$38:$E$45,B17) -> 0 | I17: =COUNTIFS($A$38:$A$45,"EN CONTRA",$E$38:$E$45,B17) -> 0 | J17: =COUNTIFS($A$38:$A$45,"A FAVOR",$H$38:$H$45,B17) -> 0 | M17: NO
A18: 9 | B18: Virginia | C18: DELANTERA / EXT. | G18: =IF(COUNTA(E18:F18)=0,"",SUM(E18:F18)) | H18: =COUNTIFS($A$38:$A$45,"A FAVOR",$E$38:$E$45,B18) -> 0 | I18: =COUNTIFS($A$38:$A$45,"EN CONTRA",$E$38:$E$45,B18) -> 0 | J18: =COUNTIFS($A$38:$A$45,"A FAVOR",$H$38:$H$45,B18) -> 0 | M18: NO
A19: 10 | B19: Guzmán | C19: M.P. / EXT. | G19: =IF(COUNTA(E19:F19)=0,"",SUM(E19:F19)) | H19: =COUNTIFS($A$38:$A$45,"A FAVOR",$E$38:$E$45,B19) -> 0 | I19: =COUNTIFS($A$38:$A$45,"EN CONTRA",$E$38:$E$45,B19) -> 0 | J19: =COUNTIFS($A$38:$A$45,"A FAVOR",$H$38:$H$45,B19) -> 0 | M19: NO
A20: 11 | B20: Mariana A. | C20: EXT. | G20: =IF(COUNTA(E20:F20)=0,"",SUM(E20:F20)) | H20: =COUNTIFS($A$38:$A$45,"A FAVOR",$E$38:$E$45,B20) -> 0 | I20: =COUNTIFS($A$38:$A$45,"EN CONTRA",$E$38:$E$45,B20) -> 0 | J20: =COUNTIFS($A$38:$A$45,"A FAVOR",$H$38:$H$45,B20) -> 0 | M20: NO
A21: 12 | B21: Marta | C21: CENTRAL | G21: =IF(COUNTA(E21:F21)=0,"",SUM(E21:F21)) | H21: =COUNTIFS($A$38:$A$45,"A FAVOR",$E$38:$E$45,B21) -> 0 | I21: =COUNTIFS($A$38:$A$45,"EN CONTRA",$E$38:$E$45,B21) -> 0 | J21: =COUNTIFS($A$38:$A$45,"A FAVOR",$H$38:$H$45,B21) -> 0 | M21: NO
... A32: 23 | B32: Paula | C32: M.C. | G32: =IF(COUNTA(E32:F32)=0,"",SUM(E32:F32)) | H32: =COUNTIFS($A$38:$A$45,"A FAVOR",$E$38:$E$45,B32) -> 0 | I32: =COUNTIFS($A$38:$A$45,"EN CONTRA",$E$38:$E$45,B32) -> 0 | J32: =COUNTIFS($A$38:$A$45,"A FAVOR",$H$38:$H$45,B32) -> 0 | M32: NO
A34: TOTALES | C34: Jugadoras usadas | D34: =COUNTIF(G10:G32,">0") -> 0 | G34: =SUM(G10:G32) -> 0 | H34: =SUM(H10:H32) -> 0 | I34: =SUM(I10:I32) -> 0 | J34: =SUM(J10:J32) -> 0 | K34: =SUM(K10:K32) -> 0 | L34: =SUM(L10:L32) -> 0
A36: REGISTRO DE GOLES DEL PARTIDO · ÚNICO ORIGEN DE DATOS
A37: TIPO | C37: MINUTO | E37: JUGADORA / PORTERA | H37: ASISTENCIA | J37: MARCADOR TRAS GOL | L37: OBSERVACIONES
A47: OTRAS INCIDENCIAS DEL PARTIDO
A54: OBSERVACIONES IMPORTANTES

Sheet J07_IDA
A1: HOJA DE PARTIDO · IDA · JORNADA 7
A3: ID PARTIDO | B3: =Calendario!I11 -> 20261115-07 | E3: FECHA | F3: =Calendario!C11 -> 46341 | I3: HORA | J3: =Calendario!H11 -> PTE | K3: Volver a Calendario
A4: LOCAL | B4: =Calendario!E11 -> GRANADA CF SAD | E4: VISITANTE | F4: =Calendario!F11 -> CÁDIZ | I4: CAMPO | J4: =Calendario!G11 -> GRANADA
A5: RESULTADO | B5: =Calendario!N11 | E5: GF CÁDIZ | F5: =Calendario!J11 | I5: GC CÁDIZ | J5: =Calendario!K11
A9: DORSAL | B9: JUGADORA | C9: POSICIÓN | D9: ESTADO | E9: MIN 1P | F9: MIN 2P | G9: TOTAL MIN | H9: GOLES | I9: GOLES RECIBIDOS | J9: ASIST. | K9: TA | L9: TR | M9: LESIÓN | N9: OBSERVACIONES
A10: 1 | B10: Julia | C10: PORTERA | G10: =IF(COUNTA(E10:F10)=0,"",SUM(E10:F10)) | H10: =COUNTIFS($A$38:$A$45,"A FAVOR",$E$38:$E$45,B10) -> 0 | I10: =COUNTIFS($A$38:$A$45,"EN CONTRA",$E$38:$E$45,B10) -> 0 | J10: =COUNTIFS($A$38:$A$45,"A FAVOR",$H$38:$H$45,B10) -> 0 | M10: NO
